frame,timestamp_s,speed_kmh,throttle,brake,steer_input,steering_angle_deg,gear,reverse,hand_brake,accel_x_mps2,accel_y_mps2,accel_z_mps2,gyro_x_radps,gyro_y_radps,gyro_z_radps,compass_rad,latitude,longitude,altitude_m,steering_rate_degps,jerk_x_mps3,jerk_y_mps3,jerk_z_mps3,jerk_magnitude_mps3
109600,846.3160117976367,0.0,0.0,0.0,0.0,0.0,1,0,0,0.001719081774353981,0.004023344721645117,9.809999465942383,0.0,0.0,0.0,5.313417434692383,nan,nan,nan,nan,nan,nan,nan,nan
109605,846.3609340973198,0.0,0.0,0.0,0.0,0.0,1,0,0,-265355.3125,-828250.3125,386.85357666015625,0.0,0.0,0.0,5.313417434692383,-0.0006131729454314062,0.00018363338245277875,0.000748863210901618,0.0,-5906984.194732691,-18437397.959727492,8393.238544199236,19360531.40408699
109612,846.4171457961202,0.0,0.0,0.0,0.0,0.0,1,0,0,0.0017190815415233374,0.0040233442559838295,9.809998512268066,0.0,0.0,0.0,5.313417434692383,-0.0006131729454314062,0.00018363338245277875,0.000748863210901618,0.0,4720642.141801725,14734482.931488093,-6707.56419383834,15472216.85734419
109618,846.4649439975619,0.0,0.0,0.0,0.0,0.0,1,0,0,0.030463263392448425,0.08131354302167892,9.809962272644043,0.0,0.0,0.0,5.313417434692383,-0.0006131729454314062,0.00018363338245277875,0.000748863210901618,0.0,0.601365343964787,1.617010607812555,-0.0007581796580273051,1.7252142352579314
109624,846.513931594789,0.0,0.0,0.0,0.0,0.0,1,0,0,0.04695836082100868,0.07000371813774109,9.809964179992676,0.0,0.0,0.0,5.313417434692383,-0.0006131729454314062,0.00018363338245277875,0.000748863210901618,0.0,0.33671987119703656,-0.230871190344523,3.893533752983268e-05,0.4082667996616996
109630,846.5629880949855,0.0,0.0,0.0,0.0,0.0,1,0,0,-0.05576929450035095,-0.1505570262670517,9.810070037841797,0.0,0.0,0.0,5.313417434692383,-0.0006131729454314062,0.00018363338245277875,0.000748863210901618,0.0,-2.0940681644627213,-4.496055436517314,0.0021578760958723938,4.959802478131806
109636,846.6109399944544,0.0,0.0,0.0,0.0,0.0,1,0,0,0.05920743942260742,0.1586037576198578,9.809926986694336,0.0,0.0,0.0,5.313417434692383,-0.0006131729454314062,0.00018363338245277875,0.000748863210901618,0.0,2.3977513966371946,6.447310478022435,-0.0029832217085314704,6.878737751921152
109643,846.6677717976272,0.0,0.0,0.0,0.0,0.0,1,0,0,0.04695836082100868,0.07000371813774109,9.809964179992676,0.0,0.0,0.0,5.313417434692383,-0.0006131729454314062,0.00018363338245277875,0.000748863210901618,0.0,-0.2155321126156955,-1.5589869498365558,0.0006544451568206997,1.573815373424639
109649,846.7133338972926,0.0,0.0,0.0,0.0,0.0,1,0,0,0.12518782913684845,0.11336447298526764,9.809931755065918,0.0,0.0,0.0,5.313417434692383,-0.0006131729454314062,0.00018363338245277875,0.000748863210901618,0.0,1.7169855842978565,0.9516847372258316,-0.0007116644534807007,1.9630954745558216
109656,846.7664883956313,0.0,0.0,0.0,0.0,0.0,1,0,0,-0.08875948190689087,-0.12793739140033722,9.810070037841797,0.0,0.0,0.0,5.313417434692383,-0.0006131729454314062,0.00018363338245277875,0.000748863210901618,0.0,-4.025008564288794,-4.5396320523624265,0.0026015253685167214,6.067038806647662
109662,846.8118191957474,0.0,0.0,0.0,0.0,0.0,1,0,0,-0.05576929450035095,-0.1505570262670517,9.810072898864746,0.0,0.0,0.0,5.313417434692383,-0.0006131729454314062,0.00018363338245277875,0.000748863210901618,0.0,0.7277653895822243,-0.49899041730568555,6.311432716593496e-05,0.8824023474697283
109669,846.8639254979789,0.0,0.0,0.0,0.0,0.0,1,0,0,-0.04352019727230072,-0.06195704638957977,9.81003189086914,0.0,0.0,0.0,5.313417434692383,-0.0006131729454314062,0.00018363338245277875,0.000748863210901618,0.0,0.23507899627222903,1.7003697457507336,-0.0007870064435437625,1.7165430452312913
109676,846.914061896503,0.0,0.0,0.0,0.0,0.0,1,0,0,0.013968169689178467,0.09262336045503616,9.80996036529541,0.0,0.0,0.0,5.313417434692383,-0.0006131729454314062,0.00018363338245277875,0.000748863210901618,0.0,1.1466393409551976,3.0831972657644635,-0.0014266196981852282,3.2895119992314052
109683,846.9680845960975,0.0,0.0,0.0,0.0,0.0,1,0,0,-0.04352019727230072,-0.06195704638957977,9.81003189086914,0.0,0.0,0.0,5.313417434692383,-0.0006131729454314062,0.00018363338245277875,0.000748863210901618,0.0,-1.0641520581717558,-2.8613973015957956,0.0013239911049864263,3.0528701042532633
109689,847.0166692957282,0.0,0.0,0.0,0.0,0.0,1,0,0,-0.03127111494541168,0.02664298564195633,9.809995651245117,0.0,0.0,0.0,5.313417434692383,-0.0006131729454314062,0.00018363338245277875,0.000748863210901618,0.0,0.2521181034355846,1.8236200430368192,-0.0007459061041618616,1.8409655498736206
109695,847.0629896968603,0.0,0.0,0.0,0.0,0.0,1,0,0,0.001719081774353981,0.004023344721645117,9.809999465942383,0.0,0.0,0.0,5.313417434692383,-0.0006131729454314062,0.00018363338245277875,0.000748863210901618,0.0,0.7122174228516914,-0.488329987812487,8.235458183415557e-05,0.8635507172093171
109702,847.1177542954683,0.0,0.0,0.0,0.0,0.0,1,0,0,-0.05576929450035095,-0.1505570262670517,9.810070037841797,0.0,0.0,0.0,5.313417434692383,-0.0006131729454314062,0.00018363338245277875,0.000748863210901618,0.0,-1.049736102079076,-2.8226331410756993,0.0012886408593841406,3.0115121440403168
109708,847.1648552976549,0.0,0.0,0.0,0.0,0.0,1,0,0,-0.014776017516851425,0.015333165414631367,9.8100004196167,0.0,0.0,0.0,5.313417434692383,-0.0006131729454314062,0.00018363338245277875,0.000748863210901618,0.0,0.8703270648287166,3.522009808298742,-0.0014780625011319975,3.627950450901262
109714,847.2122813947499,0.0,0.0,0.0,0.0,0.0,1,0,0,0.09219764173030853,0.13598410785198212,9.809930801391602,0.0,0.0,0.0,5.313417434692383,-0.0006131729454314062,0.00018363338245277875,0.000748863210901618,0.0,2.255586392294746,2.5439778903931445,-0.001467930725106564,3.3999258278284534
109721,847.2670574970543,0.0,0.0,0.0,0.0,0.0,1,0,0,-0.019022032618522644,0.11524300277233124,9.809957504272461,0.0,0.0,0.0,5.313417434692383,-0.0006131729454314062,0.00018363338245277875,0.000748863210901618,0.0,-2.030441555162975,-0.3786524452646681,0.000487491437615514,2.065446881642192
109727,847.3128826953471,0.0,0.0,0.0,0.0,0.0,1,0,0,0.030463263392448425,0.08131354302167892,9.809961318969727,0.0,0.0,0.0,5.313417434692383,-0.0006131729454314062,0.00018363338245277875,0.000748863210901618,0.0,1.0798708539100705,-0.7404105386279025,8.324453374443993e-05,1.3093238078357003
109734,847.3662953972816,0.0,0.0,0.0,0.0,0.0,1,0,0,0.04695836082100868,0.07000371813774109,9.809967041015625,0.0,0.0,0.0,5.313417434692383,-0.0006131729454314062,0.00018363338245277875,0.000748863210901618,0.0,0.3088234976160673,-0.2117441071936592,0.00010712893546269761,0.374442961060386
109740,847.41557379812,0.0,0.0,0.0,0.0,0.0,1,0,0,0.013968169689178467,0.09262336045503616,9.80996036529541,0.0,0.0,0.0,5.313417434692383,-0.0006131729454314062,0.00018363338245277875,0.000748863210901618,0.0,-0.6694655380565722,0.45901737744054877,-0.00013546949781789784,0.8117148993271959
109746,847.4616568945348,0.0,0.0,0.0,0.0,0.0,1,0,0,0.04695836082100868,0.07000371813774109,9.809965133666992,0.0,0.0,0.0,5.313417434692383,-0.0006131729454314062,0.00018363338245277875,0.000748863210901618,0.0,0.7158848623121585,-0.49084467141032617,0.00010347333302237441,0.8679974874654534
109753,847.5153783969581,0.0,0.0,0.0,0.0,0.0,1,0,0,-0.04352019727230072,-0.06195704638957977,9.810033798217773,0.0,0.0,0.0,5.313417434692383,-0.0006131729454314062,0.00018363338245277875,0.000748863210901618,0.0,-1.6842149607135715,-2.4563863364722347,0.001278157677725079,2.978324277439573
109759,847.5626081973314,0.0,0.0,0.0,0.0,0.0,1,0,0,0.116695836186409,0.31318414211273193,9.809854507446289,0.0,0.0,0.0,5.313417434692383,-0.0006131729454314062,0.00018363338245277875,0.000748863210901618,0.0,3.3922657346066103,7.942891681461803,-0.0037961365508051527,8.636956031396359
109766,847.6167337968946,0.0,0.0,0.0,0.0,0.0,1,0,0,-0.05576929450035095,-0.1505570262670517,9.81007194519043,0.0,0.0,0.0,5.313417434692383,-0.0006131729454314062,0.00018363338245277875,0.000748863210901618,0.0,-3.1863874410412665,-8.567871249887297,0.004017281025904332,9.141197887455323
109772,847.6613167971373,0.0,0.0,0.0,0.0,0.0,1,0,0,-0.04352019727230072,-0.06195704638957977,9.810035705566406,0.0,0.0,0.0,5.313417434692383,-0.0006131729454314062,0.00018363338245277875,0.000748863210901618,0.0,0.2747481587458465,1.987304115809459,-0.0008128574529786864,2.0062065846230013
109779,847.7142085954547,0.0,0.0,0.0,0.0,0.0,1,0,0,0.10444673895835876,0.22458411753177643,9.809891700744629,0.0,0.0,0.0,5.313417434692383,-0.0006131729454314062,0.00018363338245277875,0.000748863210901618,0.0,2.7975402791682287,5.417497098541953,-0.002722630471232848,6.097172610234667
109786,847.76744729653,0.0,0.0,0.0,0.0,0.0,1,0,0,-0.03127111494541168,0.02664298564195633,9.8099946975708,0.0,0.0,0.0,5.313417434692383,-0.0006131729454314062,0.00018363338245277875,0.000748863210901618,0.0,-2.549233004610194,-3.717993262266066,0.0019346231987547543,4.508000283142926
109792,847.8133917972445,0.0,0.0,0.0,0.0,0.0,1,0,0,0.0017190815415233374,0.0040233442559838295,9.809998512268066,0.0,0.0,0.0,5.313417434692383,-0.0006131729454314062,0.00018363338245277875,0.000748863210901618,0.0,0.7180445096554136,-0.49232532804113927,8.302837567712924e-05,0.8706159620468774
109799,847.8666576966643,0.0,0.0,0.0,0.0,0.0,1,0,0,-0.08875948190689087,-0.12793739140033722,9.81006908416748,0.0,0.0,0.0,5.313417434692383,-0.0006131729454314062,0.00018363338245277875,0.000748863210901618,0.0,-1.6986207767817727,-2.47739617830065,0.0013248982967111974,3.003798615574765
109805,847.9126204960048,0.0,0.0,0.0,0.0,0.0,1,0,0,-0.05576929450035095,-0.1505570262670517,9.810070037841797,0.0,0.0,0.0,5.313417434692383,-0.0006131729454314062,0.00018363338245277875,0.000748863210901618,0.0,0.7177584455235817,-0.49212918254066995,2.074883014286299e-05,0.8702691071496738
109812,847.9654142968357,0.0,0.0,0.0,0.0,0.0,1,0,0,0.04695836082100868,0.07000371813774109,9.809967041015625,0.0,0.0,0.0,5.313417434692383,-0.0006131729454314062,0.00018363338245277875,0.000748863210901618,0.0,1.9458279893602248,4.177777332446685,-0.001950926520746094,4.608695456395148
109819,848.0175150968134,0.0,0.0,0.0,0.0,0.0,1,0,0,0.0017190815415233374,0.0040233442559838295,9.809998512268066,0.0,0.0,0.0,5.313417434692383,-0.0006131729454314062,0.00018363338245277875,0.000748863210901618,0.0,-0.8683029684530673,-1.266398479675886,0.0006040454744423983,1.5354854343889879
109825,848.0623819977045,0.0,0.0,0.0,0.0,0.0,1,0,0,0.0224602073431015,-0.10719632357358932,9.810040473937988,0.0,0.0,0.0,5.313417434692383,-0.0006131729454314062,0.00018363338245277875,0.000748863210901618,0.0,0.46228122267540817,-2.47888010138272,0.0009352477904314287,2.5216168147753746
109832,848.1150654964149,0.0,0.0,0.0,0.0,0.0,1,0,0,0.07570254057645798,0.14729392528533936,9.809928894042969,0.0,0.0,0.0,5.313417434692383,-0.0006131729454314062,0.00018363338245277875,0.000748863210901618,0.0,1.0106073920039846,4.830549509589051,-0.0021179287205828207,4.935133265777752
109839,848.166833397001,0.0,0.0,0.0,0.0,0.0,1,0,0,0.0017190818907693028,0.004023345187306404,9.8100004196167,0.0,0.0,0.0,5.313417434692383,-0.0006131729454314062,0.00018363338245277875,0.000748863210901618,0.0,-1.42913770595351,-2.767556313388993,0.001381658767704302,3.1147719722859786
109845,848.2121937945485,0.0,0.0,0.0,0.0,0.0,1,0,0,0.013968169689178467,0.09262336045503616,9.809961318969727,0.0,0.0,0.0,5.313417434692383,-0.0006131729454314062,0.00018363338245277875,0.000748863210901618,0.0,0.2700392514326351,1.9532460044024726,-0.0008619996535904593,1.9718245089439184
109852,848.2648804970086,0.0,0.0,0.0,0.0,0.0,1,0,0,-0.0680183470249176,-0.2391570508480072,9.810108184814453,0.0,0.0,0.0,5.313417434692383,-0.0006131729454314062,0.00018363338245277875,0.000748863210901618,0.0,-1.5561140266134879,-6.297232428896345,0.0027875315377333164,6.486650514533605
109859,848.3174384944141,0.0,0.0,0.0,0.0,0.0,1,0,0,0.001719081774353981,0.004023344721645117,9.809999465942383,0.0,0.0,0.0,5.313417434692383,-0.0006131729454314062,0.00018363338245277875,0.000748863210901618,0.0,1.3268661715017191,4.626896144716315,-0.0020685505049108936,4.813392364015998
109865,848.3624440953135,0.0,0.0,0.0,0.0,0.0,1,0,0,-0.010530009865760803,-0.08457668125629425,9.810037612915039,0.0,0.0,0.0,5.313417434692383,-0.0006131729454314062,0.00018363338245277875,0.000748863210901618,0.0,-0.2721681611912956,-1.9686444399636158,0.0008476050067961532,1.987369406376217
109872,848.4152171947062,0.0,0.0,0.0,0.0,0.0,1,0,0,-0.039274200797080994,-0.16186684370040894,9.810073852539062,0.0,0.0,0.0,5.313417434692383,-0.0006131729454314062,0.00018363338245277875,0.000748863210901618,0.0,-0.5446750572190608,-1.4645750076008541,0.0006867063795855634,1.5625784276033257
109879,848.4681938961148,0.0,0.0,0.0,0.0,0.0,1,0,0,-0.010530009865760803,-0.08457668125629425,9.810037612915039,0.0,0.0,0.0,5.313417434692383,-0.0006131729454314062,0.00018363338245277875,0.000748863210901618,0.0,0.5425817419172235,1.4589462988258417,-0.0006840672042585434,1.5565730684640187
109885,848.515236094594,0.0,0.0,0.0,0.0,0.0,1,0,0,0.04695836082100868,0.07000371813774109,9.809965133666992,0.0,0.0,0.0,5.313417434692383,-0.0006131729454314062,0.00018363338245277875,0.000748863210901618,0.0,1.222059609144717,3.2859943708299326,-0.001540728333072269,3.5058794998220835
109892,848.5675023980439,0.0,0.0,0.0,0.0,0.0,1,0,0,0.04695836082100868,0.07000371813774109,9.809967041015625,0.0,0.0,0.0,5.313417434692383,-0.0006131729454314062,0.00018363338245277875,0.000748863210901618,0.0,0.0,0.0,3.6492893258501044e-05,3.6492893258501044e-05
109898,848.6138450950384,0.0,0.0,0.0,0.0,0.0,1,0,0,0.07570254057645798,0.14729392528533936,9.809928894042969,0.0,0.0,0.0,5.313417434692383,-0.0006131729454314062,0.00018363338245277875,0.000748863210901618,0.0,0.6202526313657137,1.6677969164526465,-0.000823149603501537,1.7793989318925414
109905,848.6677372977138,0.0,0.0,0.0,0.0,0.0,1,0,0,0.07570254057645798,0.14729392528533936,9.809928894042969,0.0,0.0,0.0,5.313417434692383,-0.0006131729454314062,0.00018363338245277875,0.000748863210901618,0.0,0.0,0.0,0.0,0.0
109911,848.7130960971117,0.0,0.0,0.0,0.0,0.0,1,0,0,0.001719081774353981,0.004023344721645117,9.809999465942383,0.0,0.0,0.0,5.313417434692383,-0.0006131729454314062,0.00018363338245277875,0.000748863210901618,0.0,-1.6310718049000035,-3.1586061021311753,0.0015558590692605317,3.5548825806005877
109918,848.767804197967,0.0,0.0,0.0,0.0,0.0,1,0,0,0.013968169689178467,0.09262336045503616,9.809961318969727,0.0,0.0,0.0,5.313417434692383,-0.0006131729454314062,0.00018363338245277875,0.000748863210901618,0.0,0.22389897882237517,1.6195045038695746,-0.0006972819757920585,1.6349085836748467
109924,848.8137049973011,0.0,0.0,0.0,0.0,0.0,1,0,0,-0.04352019727230072,-0.06195704638957977,9.81003475189209,0.0,0.0,0.0,5.313417434692383,-0.0006131729454314062,0.00018363338245277875,0.000748863210901618,0.0,-1.2524480574532022,-3.3677062074591837,0.0015998179427957955,3.593059113874258
109931,848.8668630979955,0.0,0.0,0.0,0.0,0.0,1,0,0,0.030463263392448425,0.08131354302167892,9.80996322631836,0.0,0.0,0.0,5.313417434692383,-0.0006131729454314062,0.00018363338245277875,0.000748863210901618,0.0,1.3917626795969786,2.695178863422096,-0.0013455253817595393,3.033314074176088
109938,848.9173823967576,0.0,0.0,0.0,0.0,0.0,1,0,0,0.05920743942260742,0.1586037576198578,9.809926986694336,0.0,0.0,0.0,5.313417434692383,-0.0006131729454314062,0.00018363338245277875,0.000748863210901618,0.0,0.5689741689711014,1.5299146364277834,-0.0007173421823233407,1.6322900827647389
109944,848.9622575975955,0.0,0.0,0.0,0.0,0.0,1,0,0,0.09219764173030853,0.13598410785198212,9.809932708740234,0.0,0.0,0.0,5.313417434692383,-0.0006131729454314062,0.00018363338245277875,0.000748863210901618,0.0,0.7351544214120842,-0.5040567918483126,0.0001275102014387235,0.8913614805391812
109951,849.0147226974368,0.0,0.0,0.0,0.0,0.0,1,0,0,-0.04352019727230072,-0.06195704638957977,9.810033798217773,0.0,0.0,0.0,5.313417434692383,-0.0006131729454314062,0.00018363338245277875,0.000748863210901618,0.0,-2.586821323374819,-3.7728157354145027,0.0019267947234397034,4.5744712093307385
109958,849.067409094423,0.0,0.0,0.0,0.0,0.0,1,0,0,-0.019022032618522644,0.11524300277233124,9.809957504272461,0.0,0.0,0.0,5.313417434692383,-0.0006131729454314062,0.00018363338245277875,0.000748863210901618,0.0,0.46498083101361765,3.363297915554359,-0.0014480767271373043,3.395288226190616
109964,849.1117391958833,0.0,0.0,0.0,0.0,0.0,1,0,0,-0.03127111494541168,0.02664298564195633,9.809996604919434,0.0,0.0,0.0,5.313417434692383,-0.0006131729454314062,0.00018363338245277875,0.000748863210901618,0.0,-0.2763152332931449,-1.9986423268145244,0.0008820337803139237,2.017652605546359
109971,849.1649622954428,0.0,0.0,0.0,0.0,0.0,1,0,0,0.026217252016067505,0.18122339248657227,9.809924125671387,0.0,0.0,0.0,5.313417434692383,-0.0006131729454314062,0.00018363338245277875,0.000748863210901618,0.0,1.0801394025757882,2.9043856544219637,-0.0013618005837068147,3.0987350666214932
109978,849.2179430946708,0.0,0.0,0.0,0.0,0.0,1,0,0,0.05920743942260742,0.1586037576198578,9.809926986694336,0.0,0.0,0.0,5.313417434692383,-0.0006131729454314062,0.00018363338245277875,0.000748863210901618,0.0,0.6226819505798266,-0.42694023488381494,5.4001128539209706e-05,0.7549905818330892
109984,849.262234095484,0.0,0.0,0.0,0.0,0.0,1,0,0,0.013968177139759064,0.09262336045503616,9.80996322631836,0.0,0.0,0.0,5.313417434692383,-0.0006131729454314062,0.00018363338245277875,0.000748863210901618,0.0,-1.0214098000088314,-1.4897021054690047,0.0008182164177378352,1.806236698794201
109991,849.3160473965108,0.0,0.0,0.0,0.0,0.0,1,0,0,0.034709274768829346,-0.01859629526734352,9.810003280639648,0.0,0.0,0.0,5.313417434692383,-0.0006131729454314062,0.00018363338245277875,0.000748863210901618,0.0,0.3854269712748655,-2.0667688768422994,0.0007443200941919357,2.102400555194585
109997,849.3611239977181,0.0,0.0,0.0,0.0,0.0,1,0,0,0.013968169689178467,0.09262336045503616,9.809961318969727,0.0,0.0,0.0,5.313417434692383,-0.0006131729454314062,0.00018363338245277875,0.000748863210901618,0.0,-0.46013019003553507,2.4673478643832585,-0.000930896935395389,2.509885683099505
110004,849.4141732975841,0.0,0.0,0.0,0.0,0.0,1,0,0,-0.014776017516851425,0.015333164483308792,9.809998512268066,0.0,0.0,0.0,5.313417434692383,-0.0006131729454314062,0.00018363338245277875,0.000748863210901618,0.0,-0.5418391435637686,-1.4569503493357203,0.000701108184911385,1.5544434597244388
110011,849.466578297317,0.0,0.0,0.0,0.0,0.0,1,0,0,0.0017190815415233374,0.0040233442559838295,9.809998512268066,0.0,0.0,0.0,5.313417434692383,-0.0006131729454314062,0.00018363338245277875,0.000748863210901618,0.0,0.3147619338312235,-0.2158156718815755,0.0,0.38164313071096584
110017,849.5157774947584,0.0,0.0,0.0,0.0,0.0,1,0,0,0.013968169689178467,0.09262336045503616,9.809961318969727,0.0,0.0,0.0,5.313417434692383,-0.0006131729454314062,0.00018363338245277875,0.000748863210901618,0.0,0.24896926748164527,1.8008427130278026,-0.0007559736799404005,1.8179716017341658
110023,849.5651073977351,0.0,0.0,0.0,0.0,0.0,1,0,0,-0.05576929450035095,-0.1505570262670517,9.81007194519043,0.0,0.0,0.0,5.313417434692383,-0.0006131729454314062,0.00018363338245277875,0.000748863210901618,0.0,-1.4136955473517951,-4.9296749445604275,0.002242579328713904,5.1283754921798765
110029,849.6123893968761,0.0,0.0,0.0,0.0,0.0,1,0,0,0.013968169689178467,0.09262336045503616,9.809959411621094,0.0,0.0,0.0,5.313417434692383,-0.0006131729454314062,0.00018363338245277875,0.000748863210901618,0.0,1.4749263029593453,5.143191724973636,-0.002380050999967303,5.3504985173011095
110036,849.6664450950921,0.0,0.0,0.0,0.0,0.0,1,0,0,-0.05576929450035095,-0.1505570262670517,9.81007194519043,0.0,0.0,0.0,5.313417434692383,-0.0006131729454314062,0.00018363338245277875,0.000748863210901618,0.0,-1.2901038464236778,-4.498700317412274,0.002081807710379529,4.680029574090938
110042,849.7110835947096,0.0,0.0,0.0,0.0,0.0,1,0,0,0.0799485445022583,0.04738408327102661,9.809967041015625,0.0,0.0,0.0,5.313417434692383,-0.0006131729454314062,0.00018363338245277875,0.000748863210901618,0.0,3.0403763604359537,4.434313680653777,-0.0023500829038478935,5.376525993094489
110049,849.7658658958972,0.0,0.0,0.0,0.0,0.0,1,0,0,-0.010530009865760803,-0.08457668125629425,9.810037612915039,0.0,0.0,0.0,5.313417434692383,-0.0006131729454314062,0.00018363338245277875,0.000748863210901618,0.0,-1.6516019299430036,-2.408821127751281,0.0012882244426443636,2.920652293583511
110055,849.8121862970293,0.0,0.0,0.0,0.0,0.0,1,0,0,-0.04352019727230072,-0.06195704638957977,9.81003475189209,0.0,0.0,0.0,5.313417434692383,-0.0006131729454314062,0.00018363338245277875,0.000748863210901618,0.0,-0.7122172217907007,0.48832985712284294,-6.176593637561667e-05,0.8635504757614989
110062,849.8667381964624,0.0,0.0,0.0,0.0,0.0,1,0,0,0.034709274768829346,-0.01859629526734352,9.810002326965332,0.0,0.0,0.0,5.313417434692383,-0.0006131729454314062,0.00018363338245277875,0.000748863210901618,0.0,1.4340375468871724,0.7948531870165827,-0.0005943867600349202,1.63959007928452
110068,849.9147455953062,0.0,0.0,0.0,0.0,0.0,1,0,0,0.001719081774353981,0.004023344721645117,9.809999465942383,0.0,0.0,0.0,5.313417434692383,-0.0006131729454314062,0.00018363338245277875,0.000748863210901618,0.0,-0.6871897621830809,0.47116987243157543,-5.959545857774196e-05,0.8332051497008676
110074,849.9614360965788,0.0,0.0,0.0,0.0,0.0,1,0,0,0.034709274768829346,-0.01859629526734352,9.810003280639648,0.0,0.0,0.0,5.313417434692383,-0.0006131729454314062,0.00018363338245277875,0.000748863210901618,0.0,0.7065718314268786,-0.48445913777809124,8.170178433824666e-05,0.856705559581474
110080,850.0111106969416,0.0,0.0,0.0,0.0,0.0,1,0,0,-0.014776017516851425,0.015333164483308792,9.809998512268066,0.0,0.0,0.0,5.313417434692383,-0.0006131729454314062,0.00018363338245277875,0.000748863210901618,0.0,-0.9961890367367949,0.683034377787897,-9.59921478423065e-05,1.2078611540111617
110087,850.0652575977147,0.0,0.0,0.0,0.0,0.0,1,0,0,0.001719081774353981,0.004023344721645117,9.809999465942383,0.0,0.0,0.0,5.313417434692383,-0.0006131729454314062,0.00018363338245277875,0.000748863210901618,0.0,0.3046360743774247,-0.20887289208052207,1.7612722109497743e-05,0.36936570383344636
110093,850.1119097955525,0.0,0.0,0.0,0.0,0.0,1,0,0,-0.014776017516851425,0.015333164483308792,9.809998512268066,0.0,0.0,0.0,5.313417434692383,-0.0006131729454314062,0.00018363338245277875,0.000748863210901618,0.0,-0.3535760383368213,0.24242844465717125,-2.044221624287397e-05,0.4287045207164728
110100,850.166605297476,0.0,0.0,0.0,0.0,0.0,1,0,0,0.07570254057645798,0.14729392528533936,9.809927940368652,0.0,0.0,0.0,5.313417434692383,-0.0006131729454314062,0.00018363338245277875,0.000748863210901618,0.0,1.6542230148972104,2.4126437487757295,-0.0012902687960097566,2.925287217747308
110106,850.2126595973969,0.0,0.0,0.0,0.0,0.0,1,0,0,0.013968169689178467,0.09262336045503616,9.809961318969727,0.0,0.0,0.0,5.313417434692383,-0.0006131729454314062,0.00018363338245277875,0.000748863210901618,0.0,-1.3404692068590387,-1.1870892603801124,0.0007247662244702917,1.7905415750362186
110113,850.2673534974456,0.0,0.0,0.0,0.0,0.0,1,0,0,0.0799485445022583,0.04738408327102661,9.809967994689941,0.0,0.0,0.0,5.313417434692383,-0.0006131729454314062,0.00018363338245277875,0.000748863210901618,0.0,1.2063571029729225,-0.8271356978328652,0.00012205602834860237,1.4626862060675754
110119,850.314389295876,0.0,0.0,0.0,0.0,0.0,1,0,0,0.034709274768829346,-0.01859629526734352,9.810002326965332,0.0,0.0,0.0,5.313417434692383,-0.0006131729454314062,0.00018363338245277875,0.000748863210901618,0.0,-0.9618050770484828,-1.4027693956538834,0.0007299179887718084,1.7008325950544543
110125,850.3619974963367,0.0,0.0,0.0,0.0,0.0,1,0,0,0.05920743942260742,0.1586037576198578,9.80992603302002,0.0,0.0,0.0,5.313417434692383,-0.0006131729454314062,0.00018363338245277875,0.000748863210901618,0.0,0.5145786737731293,3.72204895737617,-0.001602537894191653,3.7574515593331137
110132,850.41862109676,0.0,0.0,0.0,0.0,0.0,1,0,0,0.013968177139759064,0.09262336045503616,9.809962272644043,0.0,0.0,0.0,5.313417434692383,-0.0006131729454314062,0.00018363338245277875,0.000748863210901618,0.0,-0.7989471164783811,-1.1652455278634917,0.0006400091790790157,1.4128390017078154
110138,850.4659903980792,0.0,0.0,0.0,0.0,0.0,1,0,0,-0.014776017516851425,0.015333164483308792,9.809998512268066,0.0,0.0,0.0,5.313417434692383,-0.0006131729454314062,0.00018363338245277875,0.000748863210901618,0.0,-0.6068106105885683,-1.6316515933184434,0.0007650445122526661,1.7408350365254577
110144,850.5145914964378,0.0,0.0,0.0,0.0,0.0,1,0,0,0.013968169689178467,0.09262336045503616,9.80996036529541,0.0,0.0,0.0,5.313417434692383,-0.0006131729454314062,0.00018363338245277875,0.000748863210901618,0.0,0.5914308148742727,1.5902973097726567,-0.0007848993941404501,1.696713457929787
110150,850.5668298974633,0.0,0.0,0.0,0.0,0.0,1,0,0,0.013968169689178467,0.09262336045503616,9.809961318969727,0.0,0.0,0.0,5.313417434692383,-0.0006131729454314062,0.00018363338245277875,0.000748863210901618,0.0,0.0,0.0,1.825619271807539e-05,1.825619271807539e-05
110156,850.6161825954914,0.0,0.0,0.0,0.0,0.0,1,0,0,0.04695836082100868,0.07000371813774109,9.809965133666992,0.0,0.0,0.0,5.313417434692383,-0.0006131729454314062,0.00018363338245277875,0.000748863210901618,0.0,0.6684577024148676,-0.4583263574449725,7.72946043082382e-05,0.8104929091737917
110162,850.6657002978027,0.0,0.0,0.0,0.0,0.0,1,0,0,-0.027025099843740463,-0.07326686382293701,9.810036659240723,0.0,0.0,0.0,5.313417434692383,-0.0006131729454314062,0.00018363338245277875,0.000748863210901618,0.0,-1.4940810500389436,-2.8933204747678487,0.00144444451967593,3.256314425883393
110168,850.7120927944779,0.0,0.0,0.0,0.0,0.0,1,0,0,-0.11325761675834656,-0.30513742566108704,9.810142517089844,0.0,0.0,0.0,5.313417434692383,-0.0006131729454314062,0.00018363338245277875,0.000748863210901618,0.0,-1.8587599955706844,-4.998018611958783,0.0022817881491073396,5.332465093479515
110175,850.7660531960428,0.0,0.0,0.0,0.0,0.0,1,0,0,0.013968169689178467,0.09262336045503616,9.809961318969727,0.0,0.0,0.0,5.313417434692383,-0.0006131729454314062,0.00018363338245277875,0.000748863210901618,0.0,2.357762039532934,7.371345923699083,-0.0033579831665905527,7.739237290453662
110181,850.8138268962502,0.0,0.0,0.0,0.0,0.0,1,0,0,0.0017190818907693028,0.004023345187306404,9.8100004196167,0.0,0.0,0.0,5.313417434692383,-0.0006131729454314062,0.00018363338245277875,0.000748863210901618,0.0,-0.2563981384153576,-1.8545772021626377,0.0008184554849812717,1.872217208027327
110188,850.8675647974014,0.0,0.0,0.0,0.0,0.0,1,0,0,-0.0680183470249176,-0.2391570508480072,9.810110092163086,0.0,0.0,0.0,5.313417434692383,-0.0006131729454314062,0.00018363338245277875,0.000748863210901618,0.0,-1.297732650917931,-4.525305060783389,0.0020408788590045254,4.707706457670949
110194,850.9131244979799,0.0,0.0,0.0,0.0,0.0,1,0,0,0.026217252016067505,0.18122339248657227,9.80992603302002,0.0,0.0,0.0,5.313417434692383,-0.0006131729454314062,0.00018363338245277875,0.000748863210901618,0.0,2.0683981203677333,9.227023838989213,-0.004039955064003705,9.456016922090026
110201,850.9655958972871,0.0,0.0,0.0,0.0,0.0,1,0,0,-0.010530009865760803,-0.08457668125629425,9.810037612915039,0.0,0.0,0.0,5.313417434692383,-0.0006131729454314062,0.00018363338245277875,0.000748863210901618,0.0,-0.7003293673692867,-5.065618170128271,0.0021264897923946183,5.113800268908866
110208,851.0161901973188,0.0,0.0,0.0,0.0,0.0,1,0,0,-0.05576929450035095,-0.1505570262670517,9.81007194519043,0.0,0.0,0.0,5.313417434692383,-0.0006131729454314062,0.00018363338245277875,0.000748863210901618,0.0,-0.8941577333074939,-1.304106292002594,0.0006785799066127966,1.5812057846292622
110215,851.0650953948498,0.0,0.0,0.0,0.0,0.0,1,0,0,-0.010530009865760803,-0.08457668125629425,9.810037612915039,0.0,0.0,0.0,5.313417434692383,-0.0006131729454314062,0.00018363338245277875,0.000748863210901618,0.0,0.9250404234831663,1.349147909462062,-0.0007020169046219084,1.6358179481566713
110222,851.1162979975343,0.0,0.0,0.0,0.0,0.0,1,0,0,-0.08875948190689087,-0.12793739140033722,9.81006908416748,0.0,0.0,0.0,5.313417434692383,-0.0006131729454314062,0.00018363338245277875,0.000748863210901618,0.0,-1.5278417099843036,-0.8468458217099756,0.0006146416547480413,1.7468395788680104
110229,851.1664638966322,0.0,0.0,0.0,0.0,0.0,1,0,0,0.12518782913684845,0.11336447298526764,9.809931755065918,0.0,0.0,0.0,5.313417434692383,-0.0006131729454314062,0.00018363338245277875,0.000748863210901618,0.0,4.264795705667167,4.810077537225131,-0.0027374990587619203,6.428478499543728
110236,851.2185380980372,0.0,0.0,0.0,0.0,0.0,1,0,0,-0.04352019727230072,-0.06195704638957977,9.810033798217773,0.0,0.0,0.0,5.313417434692383,-0.0006131729454314062,0.00018363338245277875,0.000748863210901618,0.0,-3.2397621443464644,-3.3667634768154264,0.0019595720933240487,4.672382572166099
110242,851.2616416960955,0.0,0.0,0.0,0.0,0.0,1,0,0,0.034709274768829346,-0.01859629526734352,9.810003280639648,0.0,0.0,0.0,5.313417434692383,-0.0006131729454314062,0.00018363338245277875,0.000748863210901618,0.0,1.8149174446054088,1.0059659303537762,-0.0007080053522162417,2.0750646459898894
110249,851.314572095871,0.0,0.0,0.0,0.0,0.0,1,0,0,-0.04352019727230072,-0.06195704638957977,9.810033798217773,0.0,0.0,0.0,5.313417434692383,-0.0006131729454314062,0.00018363338245277875,0.000748863210901618,0.0,-1.4779686602203372,-0.8192031669162374,0.0005765605069002863,1.689818191907375
110256,851.3636356964707,0.0,0.0,0.0,0.0,0.0,1,0,0,-0.0680183470249176,-0.2391570508480072,9.810111045837402,0.0,0.0,0.0,5.313417434692383,-0.0006131729454314062,0.00018363338245277875,0.000748863210901618,0.0,-0.499314144358452,-3.6116388176222305,0.0015744384571171285,3.6459912290855243
110263,851.4127996973693,0.0,0.0,0.0,0.0,0.0,1,0,0,0.04695836082100868,0.07000371813774109,9.809964179992676,0.0,0.0,0.0,5.313417434692383,-0.0006131729454314062,0.00018363338245277875,0.000748863210901618,0.0,2.33863611065879,6.288356588866517,-0.0029872638931374234,6.709147216343056
110270,851.4635855965316,0.0,0.0,0.0,0.0,0.0,1,0,0,-0.08026745915412903,-0.3277570605278015,9.810149192810059,0.0,0.0,0.0,5.313417434692383,-0.0006131729454314062,0.00018363338245277875,0.000748863210901618,0.0,-2.5051406408808914,-7.832110590273295,0.0036429958006962064,8.22299818802623
110277,851.5135992951691,0.0,0.0,0.0,0.0,0.0,1,0,0,0.05920743942260742,0.1586037576198578,9.809925079345703,0.0,0.0,0.0,5.313417434692383,-0.0006131729454314062,0.00018363338245277875,0.000748863210901618,0.0,2.7887339344305033,9.724552100674465,-0.004481041603819611,10.116519687892188
110284,851.5629135966301,0.0,0.0,0.0,0.0,0.0,1,0,0,-0.12174966931343079,-0.10531774163246155,9.810066223144531,0.0,0.0,0.0,5.313417434692383,-0.0006131729454314062,0.00018363338245277875,0.000748863210901618,0.0,-3.6694651120469732,-5.351824753335302,0.0028621271040369755,6.488991492575247
110291,851.6109959967434,0.0,0.0,0.0,0.0,0.0,1,0,0,0.026217252016067505,0.18122339248657227,9.80992603302002,0.0,0.0,0.0,5.313417434692383,-0.0006131729454314062,0.00018363338245277875,0.000748863210901618,0.0,3.077361383389707,5.959376683434543,-0.0029156224352621723,6.707036010034216
110298,851.6616069972515,0.0,0.0,0.0,0.0,0.0,1,0,0,0.09219764173030853,0.13598410785198212,9.809932708740234,0.0,0.0,0.0,5.313417434692383,-0.0006131729454314062,0.00018363338245277875,0.000748863210901618,0.0,1.3036768499314761,-0.893862681639275,0.0001319025537497386,1.580684611196331
110305,851.7134144976735,0.0,0.0,0.0,0.0,0.0,1,0,0,0.034709274768829346,-0.01859629526734352,9.810003280639648,0.0,0.0,0.0,5.313417434692383,-0.0006131729454314062,0.00018363338245277875,0.000748863210901618,0.0,-1.1096533608686867,-2.983745632585675,0.0013621946405291735,3.1834054779175553
110312,851.7625664956868,0.0,0.0,0.0,0.0,0.0,1,0,0,-0.03127111494541168,0.02664298564195633,9.809996604919434,0.0,0.0,0.0,5.313417434692383,-0.0006131729454314062,0.00018363338245277875,0.000748863210901618,0.0,-1.3423745194741392,0.9203955635149819,-0.00013581788095456626,1.6276047930372974
110319,851.8122907951474,0.0,0.0,0.0,0.0,0.0,1,0,0,-0.010530009865760803,-0.08457668125629425,9.810035705566406,0.0,0.0,0.0,5.313417434692383,-0.0006131729454314062,0.00018363338245277875,0.000748863210901618,0.0,0.4171221174481271,-2.236726672967347,0.0007863488756357338,2.2752884847360653
110326,851.8649551980197,0.0,0.0,0.0,0.0,0.0,1,0,0,-0.0642613098025322,0.049262627959251404,9.809993743896484,0.0,0.0,0.0,5.313417434692383,-0.0006131729454314062,0.00018363338245277875,0.000748863210901618,0.0,-1.020258409974455,2.5413619430949708,-0.0007967748162568942,2.738512074792652
110333,851.9145973958075,0.0,0.0,0.0,0.0,0.0,1,0,0,-0.14624783396720886,-0.28251779079437256,9.810142517089844,0.0,0.0,0.0,5.313417434692383,-0.0006131729454314062,0.00018363338245277875,0.000748863210901618,0.0,-1.651549041305517,-6.683435334029831,0.0029969098869359915,6.884470283287196
110340,851.9651943966746,0.0,0.0,0.0,0.0,0.0,1,0,0,0.001719081774353981,0.004023344721645117,9.809999465942383,0.0,0.0,0.0,5.313417434692383,-0.0006131729454314062,0.00018363338245277875,0.000748863210901618,0.0,2.924420681180993,5.663203956860937,-0.0028272653518852005,6.373705623179803
110347,852.0167771950364,0.0,0.0,0.0,0.0,0.0,1,0,0,-0.019022032618522644,0.11524300277233124,9.809957504272461,0.0,0.0,0.0,5.313417434692383,-0.0006131729454314062,0.00018363338245277875,0.000748863210901618,0.0,-0.4020936252315722,2.1561385109555724,-0.0008134818438421071,2.1933110184445552
110354,852.0663736946881,0.0,0.0,0.0,0.0,0.0,1,0,0,0.05920743942260742,0.1586037576198578,9.809926986694336,0.0,0.0,0.0,5.313417434692383,-0.0006131729454314062,0.00018363338245277875,0.000748863210901618,0.0,1.5773184113910592,0.8742704656994099,-0.0006153171764002128,1.8034086050373348
110361,852.1159202978015,0.0,0.0,0.0,0.0,0.0,1,0,0,0.013968169689178467,0.09262336045503616,9.809961318969727,0.0,0.0,0.0,5.313417434692383,-0.0006131729454314062,0.00018363338245277875,0.000748863210901618,0.0,-0.9130650113364107,-1.3316835669600111,0.000692928944332227,1.614642163944885
110367,852.1693251952529,0.0,0.0,0.0,0.0,0.0,1,0,0,0.05920743942260742,0.1586037576198578,9.809926986694336,0.0,0.0,0.0,5.313417434692383,-0.0006131729454314062,0.00018363338245277875,0.000748863210901618,0.0,0.8470996461438272,1.2354746533286531,-0.0006428675464056059,1.4979906017039075
110372,852.2183012962341,0.0,0.0,0.0,0.0,0.0,1,0,0,-0.027025099843740463,-0.07326686382293701,9.810035705566406,0.0,0.0,0.0,5.313417434692383,-0.0006131729454314062,0.00018363338245277875,0.000748863210901618,0.0,-1.7607064984488385,-4.7343626135455885,0.0022198351827142507,5.05116636608679
110377,852.2651293948293,0.0,0.0,0.0,0.0,0.0,1,0,0,-0.014776017516851425,0.015333164483308792,9.809996604919434,0.0,0.0,0.0,5.313417434692383,-0.0006131729454314062,0.00018363338245277875,0.000748863210901618,0.0,0.26157547913251544,1.8920270300156192,-0.0008349825883537431,1.9100232225784723
110382,852.3120521977544,0.0,0.0,0.0,0.0,0.0,1,0,0,0.018214181065559387,-0.007286475505679846,9.810002326965332,0.0,0.0,0.0,5.313417434692383,-0.0006131729454314062,0.00018363338245277875,0.000748863210901618,0.0,0.703073911314806,-0.48206071630226843,0.00012194595253761905,0.852464353415538
110388,852.3679422959685,0.0,0.0,0.0,0.0,0.0,1,0,0,-0.014776017516851425,0.015333164483308792,9.809998512268066,0.0,0.0,0.0,5.313417434692383,-0.0006131729454314062,0.00018363338245277875,0.000748863210901618,0.0,-0.5902691109256061,0.40471641152461085,-6.825354378531487e-05,0.7156905768059335
110393,852.4136587977409,0.0,0.0,0.0,0.0,0.0,1,0,0,-0.010530009865760803,-0.08457668125629425,9.810038566589355,0.0,0.0,0.0,5.313417434692383,-0.0006131729454314062,0.00018363338245277875,0.000748863210901618,0.0,0.09287691504107341,-2.185421934447149,0.0008761458059164288,2.1873947793075073
110399,852.4700684957206,0.0,0.0,0.0,0.0,0.0,1,0,0,0.013968169689178467,0.09262336045503616,9.809961318969727,0.0,0.0,0.0,5.313417434692383,-0.0006131729454314062,0.00018363338245277875,0.000748863210901618,0.0,0.43429020952674297,3.141304563891382,-0.001369403177033862,3.171183410728662
110404,852.5142926946282,0.0,0.0,0.0,0.0,0.0,1,0,0,0.07570254057645798,0.14729392528533936,9.809927940368652,0.0,0.0,0.0,5.313417434692383,-0.0006131729454314062,0.00018363338245277875,0.000748863210901618,0.0,1.3959409647248842,1.2362137965350677,-0.000754758749705067,1.8646383824756627
110410,852.5624157972634,0.0,0.0,0.0,0.0,0.0,1,0,0,0.013968177139759064,0.09262336045503616,9.80996322631836,0.0,0.0,0.0,5.313417434692383,-0.0006131729454314062,0.00018363338245277875,0.000748863210901618,0.0,-1.282842544562228,-1.1360565266291927,0.0007332434480494462,1.7135664455986617
110417,852.613105494529,0.0,0.0,0.0,0.0,0.0,1,0,0,0.0017190818907693028,0.004023345187306404,9.8100004196167,0.0,0.0,0.0,5.313417434692383,-0.0006131729454314062,0.00018363338245277875,0.000748863210901618,0.0,-0.24164861716971492,-1.7478900061968505,0.0007337447320891029,1.76451524967176
110424,852.6642445959151,0.0,0.0,0.0,0.0,0.0,1,0,0,0.034709274768829346,-0.01859629526734352,9.810002326965332,0.0,0.0,0.0,5.313417434692383,-0.0006131729454314062,0.00018363338245277875,0.000748863210901618,0.0,0.645107011736546,-0.44231595475025837,3.7297265323712584e-05,0.7821805813297686
110431,852.7146731950343,0.0,0.0,0.0,0.0,0.0,1,0,0,-0.08875948190689087,-0.12793739140033722,9.810068130493164,0.0,0.0,0.0,5.313417434692383,-0.0006131729454314062,0.00018363338245277875,0.000748863210901618,0.0,-2.448387598154486,-2.168235843208126,0.0013048851045119594,3.2704510706161436
110438,852.7670266963542,0.0,0.0,0.0,0.0,0.0,1,0,0,0.001719081774353981,0.004023344721645117,9.809999465942383,0.0,0.0,0.0,5.313417434692383,-0.0006131729454314062,0.00018363338245277875,0.000748863210901618,0.0,1.7282237367165103,2.520571361897817,-0.001311556038281042,3.0561477377163944
110444,852.8109815977514,0.0,0.0,0.0,0.0,0.0,1,0,0,0.034709274768829346,-0.01859629526734352,9.810004234313965,0.0,0.0,0.0,5.313417434692383,-0.0006131729454314062,0.00018363338245277875,0.000748863210901618,0.0,0.7505463997367925,-0.514610186121701,0.00010848327332004753,0.9100239302274932
110451,852.8632363975048,0.0,0.0,0.0,0.0,0.0,1,0,0,0.08370564877986908,0.3358037769794464,9.80985164642334,0.0,0.0,0.0,5.313417434692383,-0.0006131729454314062,0.00018363338245277875,0.000748863210901618,0.0,0.9376435129832443,6.782153484829766,-0.0029200741624694757,6.846662674329823
110458,852.9152085967362,0.0,0.0,0.0,0.0,0.0,1,0,0,-0.010530009865760803,-0.08457668125629425,9.810038566589355,0.0,0.0,0.0,5.313417434692383,-0.0006131729454314062,0.00018363338245277875,0.000748863210901618,0.0,-1.8131935927144807,-8.088563971752642,0.003596541396746268,8.28930341252543
110465,852.9653712958097,0.0,0.0,0.0,0.0,0.0,1,0,0,-0.03127111494541168,0.02664298564195633,9.809995651245117,0.0,0.0,0.0,5.313417434692383,-0.0006131729454314062,0.00018363338245277875,0.000748863210901618,0.0,-0.4134766562149775,2.217178679623484,-0.0008555230286822265,2.255403505923343
110472,853.0151915960014,0.0,0.0,0.0,0.0,0.0,1,0,0,0.12518782913684845,0.11336447298526764,9.809932708740234,0.0,0.0,0.0,5.313417434692383,-0.0006131729454314062,0.00018363338245277875,0.000748863210901618,0.0,3.1404657033461985,1.740685764833307,-0.0012633907190581996,3.590614621752543
110478,853.0616182945669,0.0,0.0,0.0,0.0,0.0,1,0,0,-0.03127111494541168,0.02664298564195633,9.8099946975708,0.0,0.0,0.0,5.313417434692383,-0.0006131729454314062,0.00018363338245277875,0.000748863210901618,0.0,-3.370020891353727,-1.8679227690720663,0.0013351979029689858,3.853073845922482
110485,853.1167795956135,0.0,0.0,0.0,0.0,0.0,1,0,0,0.034709274768829346,-0.01859629526734352,9.810003280639648,0.0,0.0,0.0,5.313417434692383,-0.0006131729454314062,0.00018363338245277875,0.000748863210901618,0.0,1.1961354874224104,-0.8201271552872516,0.00015559946347900276,1.4502926185160014
110491,853.163822196424,0.0,0.0,0.0,0.0,0.0,1,0,0,0.04695836082100868,0.07000371813774109,9.809964179992676,0.0,0.0,0.0,5.313417434692383,-0.0006131729454314062,0.00018363338245277875,0.000748863210901618,0.0,0.260382841108523,1.883399554415294,-0.0008311752815313264,1.9013137027770621
110498,853.2178520970047,0.0,0.0,0.0,0.0,0.0,1,0,0,0.0017190818907693028,0.004023345187306404,9.8100004196167,0.0,0.0,0.0,5.313417434692383,-0.0006131729454314062,0.00018363338245277875,0.000748863210901618,0.0,-0.8373007990772736,-1.221182571897442,0.0006707327541598289,1.4806619978657922
110504,853.2648448944092,0.0,0.0,0.0,0.0,0.0,1,0,0,0.05920743942260742,0.1586037576198578,9.80992603302002,0.0,0.0,0.0,5.313417434692383,-0.0006131729454314062,0.00018363338245277875,0.000748863210901618,0.0,1.2233440166790162,3.2894490426240908,-0.0015829361261332465,3.509565228465155
110510,853.3119860962033,0.0,0.0,0.0,0.0,0.0,1,0,0,0.018214181065559387,-0.007286475971341133,9.810001373291016,0.0,0.0,0.0,5.313417434692383,-0.0006131729454314062,0.00018363338245277875,0.000748863210901618,0.0,-0.8695844992678419,-3.519007307357063,0.0015981830782567602,3.6248575399301504
110517,853.3659631945193,0.0,0.0,0.0,0.0,0.0,1,0,0,0.05920744687318802,0.1586037576198578,9.809928894042969,0.0,0.0,0.0,5.313417434692383,-0.0006131729454314062,0.00018363338245277875,0.000748863210901618,0.0,0.7594566415496274,3.0733447844892052,-0.0013427777762824284,3.1657896894444826
110523,853.4130886979401,0.0,0.0,0.0,0.0,0.0,1,0,0,0.04695836082100868,0.07000371813774109,9.809967041015625,0.0,0.0,0.0,5.313417434692383,-0.0006131729454314062,0.00018363338245277875,0.000748863210901618,0.0,-0.2599247787932418,-1.8800868542648803,0.0008094761835348118,1.897969474323025
110530,853.4637726955116,0.0,0.0,0.0,0.0,0.0,1,0,0,-0.05576929450035095,-0.1505570262670517,9.81007194519043,0.0,0.0,0.0,5.313417434692383,-0.0006131729454314062,0.00018363338245277875,0.000748863210901618,0.0,-2.0268262221523807,-4.351684061498604,0.002069769154588971,4.800539864416275
110537,853.5131012946367,0.0,0.0,0.0,0.0,0.0,1,0,0,0.05920743942260742,0.1586037576198578,9.80992603302002,0.0,0.0,0.0,5.313417434692383,-0.0006131729454314062,0.00018363338245277875,0.000748863210901618,0.0,2.3308331467362757,6.267374086634151,-0.00295796298694752,6.686760788998124
110544,853.5638879947364,0.0,0.0,0.0,0.0,-0.6607934236526489,1,0,0,-0.0642613098025322,0.049262627959251404,9.809995651245117,0.0,0.0,0.0,5.313417434692383,-0.0006131729454314062,0.00018363338245277875,0.000748863210901618,-13.011150997315255,-2.431123679678743,-2.1529481034590385,0.001370796388837604,3.2473912239157947
110551,853.614440497011,0.07400910938731847,0.30000001192092896,0.0,-0.10000000149011612,-6.7833521366119385,1,0,0,1.3444604873657227,0.050903916358947754,7.712261199951172,-0.005539340898394585,-0.0025552907027304173,0.00644493754953146,5.313620567321777,-0.0006131741110099294,0.00018363147981724826,0.0006818008259870112,-121.11287151943938,27.86650974304949,0.032467006099593784,-41.4961546295513,49.984740355488384
110558,853.6661148965359,0.20922250560654165,0.6000000238418579,0.0,-0.10000000149011612,-6.782649517059326,1,0,0,-23.79912757873535,1.5845317840576172,10.90688419342041,-0.0002449355088174343,0.0053787389770150185,0.002735541434958577,5.31374454498291,-0.0006131699972033768,0.00018363852471096922,0.0006133270217105746,0.013597053068287113,-486.57726644645567,29.67867806492584,61.822159963913826,491.3860392978115
110565,853.7159798964858,0.08206044142848745,0.9000000953674316,0.0,-0.10000000149011612,-6.782452344894409,1,0,0,8.76519775390625,-0.8706159591674805,10.420909881591797,-0.002381723839789629,-0.0046037170104682446,-0.0013944412348791957,5.3137688636779785,-0.0006131652663258416,0.00018364654663374628,0.0005792999290861189,0.003954119424746148,653.0497416091132,-49.235891821723364,-9.74579990607771,654.9756626585596
110571,853.7614477947354,0.1960615683800573,1.0,0.0,-0.20000000298023224,-8.644172668457031,1,0,0,20.66930389404297,-0.9850730895996094,9.679539680480957,-0.0018120913300663233,-0.005624757613986731,-0.0055011119693517685,5.313722610473633,-0.0006131629351687953,0.000183650266200504,0.0005672454717569053,-40.94581881356105,261.81342438089484,-2.5173173785984266,-16.305354539165123,262.33274797379573
110578,853.8130367957056,0.07083863422762902,1.0,0.0,-0.20000000298023224,-13.201408863067627,1,0,0,28.53649139404297,-8.611856460571289,11.666084289550781,-0.005779961124062538,-0.0004611564800143242,0.00925527885556221,5.313625335693359,-0.0006131710256550151,0.00018363667349802063,0.0005517959361895919,-88.33736085041959,152.49738029538173,-147.8373922260734,38.507134693695996,215.8567695474909
110585,853.863707896322,0.07084598745060966,1.0,0.0,-0.20000000298023224,-13.204015254974365,1,0,0,-26.49675750732422,-13.746536254882812,14.996733665466309,-0.015209529548883438,-0.0018115881830453873,0.009492655284702778,5.313889503479004,-0.0006131699972033775,0.00018362320078156138,0.000760307302698493,-0.05143744412553522,-1086.0874982355433,-101.33349644756035,65.73074860019761,1092.783172746255
110592,853.9134776964784,0.10582123455607331,1.0,0.0,-0.20000000298023224,-13.203113079071045,1,0,0,-1.9457383155822754,-7.028170585632324,12.382467269897461,-0.010298130102455616,0.0008206004276871681,0.012643477879464626,5.314474582672119,-0.0006131623180978137,0.0001836128134200162,0.0011827468406409025,0.01812697460078343,493.2914963414239,134.9888014045531,-52.52716280467207,514.1182545871206
110599,853.9638863950968,0.11175456786237253,1.0,0.0,-0.20000000298023224,-13.71066951751709,1,0,0,2.02121639251709,-6.269077301025391,10.576774597167969,-0.014604836702346802,-0.0005948487669229507,0.013784924522042274,5.315161228179932,-0.0006131534048502842,0.00018360115763478398,0.0016589355655014515,-10.068826459659038,78.6958365683818,15.058775675864624,-35.82105315589231,87.76644727485971
110606,854.013941295445,0.14366438903745646,1.0,0.0,-0.30000001192092896,-18.254695415496826,1,0,0,-0.6442785263061523,2.56172251701355,7.8887481689453125,-0.007861529476940632,0.0010238364338874817,0.0172048881649971,5.3159098625183105,-0.0006131429832070192,0.00018358761635488188,0.002147407503798604,-90.78083996513976,-53.251427937760624,176.42228346497714,-53.701563873356996,191.94893759240114
110613,854.0663408972323,0.11875489418752164,0.0,0.0,0.0,-1.452536202967167,1,0,0,-0.046288251876831055,-1.6417863368988037,7.791010856628418,0.0012319361558184028,0.002830096520483494,0.013492501340806484,5.316787242889404,-0.000613133452888507,0.00018357513780833918,0.0024886704050004482,320.6543301745617,11.412114864085234,-80.22024424866615,-1.8652300586858541,81.04938640211013
110619,854.1112771965563,0.05636409903309567,0.0,0.0,0.0,0.0,1,0,0,-4.660732269287109,14.970373153686523,6.905572414398193,-0.004674172028899193,-0.0005565094761550426,0.006940328050404787,5.3172478675842285,-0.0006131234426258972,0.00018356192220478912,0.002774543594568968,32.324339672319894,-102.68856329568938,369.68241133510014,-19.704302658421607,384.18522333052016
110626,854.1617019958794,0.06735896247473339,0.0,0.0,0.0,0.0,1,0,0,-0.29134058952331543,2.2173781394958496,8.931612968444824,0.0005106260068714619,0.0004632545169442892,0.007826046086847782,5.317653656005859,-0.0006131165862816438,0.00018355300895725858,0.0029598616529256105,0.0,86.65164241444394,-252.91117040406317,40.179447042820655,270.3459916716735
110633,854.2130347974598,0.03824651346800405,0.0,0.0,0.0,0.0,1,0,0,-2.3977127075195312,7.088616847991943,7.0014801025390625,0.0034439191222190857,2.7885660529136658e-05,0.004013132769614458,5.317928314208984,-0.0006131124724750918,0.00018354747245927333,0.0030081176664680243,0.0,-41.03364813813868,94.89524355813225,-37.60038038994614,110.01207267818592
110640,854.2610107958317,0.030625716076210483,0.0,0.0,0.0,0.0,1,0,0,-0.5364782810211182,1.5184760093688965,7.65487003326416,0.0028451038524508476,-0.00044489349238574505,0.0030596719589084387,5.318111419677734,-0.000613109798500833,0.0001835437528925154,0.0029093169141560793,0.0,38.79511609269401,-116.1026560708855,13.619100235517308,123.16804646735694
110648,854.3164086975157,0.025020380163961,0.0,0.0,0.0,0.0,1,0,0,-0.917400598526001,3.1469292640686035,7.4753923416137695,0.0022398156579583883,-0.0012130674440413713,0.0020619621500372887,5.318236351013184,-0.0006131083586685397,0.00018354152458063277,0.0027353286277502775,0.0,-6.8761145445078435,29.39557646041114,-3.2397922339011433,30.36242942170333
110655,854.3669724948704,0.021802932906315357,0.0,0.0,0.0,0.0,1,0,0,-0.7690396308898926,2.650298833847046,10.080551147460938,0.003014847170561552,-0.0012429439229890704,0.0011135933455079794,5.3183183670043945,-0.0006131072616534592,0.00018353986191715113,0.0025131225120276213,0.0,2.9341342105968886,-9.821857854894926,51.52221435372688,52.53205314090566
110662,854.4169459976256,0.021874546706881843,0.0,0.0,0.0,0.0,1,0,0,-0.5365606546401978,0.7398221492767334,9.921236038208008,0.004294630605727434,-0.0006463828030973673,0.0012199345510452986,5.318379878997803,-0.0006131067131459189,0.00018353866205690666,0.0022531889844685793,0.0,4.652044852422648,-38.22979337530731,-3.187991644961557,38.64352356548232
110669,854.4656651951373,0.0229496898735921,0.0,0.0,0.0,0.0,1,0,0,-0.20948588848114014,1.0008865594863892,10.68012809753418,0.0057371919974684715,-0.0004309825599193573,0.0009488664800301194,5.31843376159668,-0.0006131064388921488,0.0001835378907181781,0.0020181273575872183,0.0,6.713467849725798,5.358553168842847,15.576858776139398,17.7882903047035
110676,854.5171672962606,0.01875699545914718,0.0,0.0,0.0,0.0,1,0,0,-0.3243967592716217,0.21001270413398743,9.235690116882324,0.005631897132843733,0.00028293998911976814,0.0009205046226270497,5.318481922149658,-0.0006131063017652639,0.00018353742791494092,0.0017924498533830047,0.0,-2.23118801532587,-15.356147382385087,-28.046195187121292,32.052746011276035
110682,854.5614874958992,0.01914527621754414,0.0,0.0,0.0,0.0,1,0,0,-0.3236551284790039,0.2092810571193695,11.208879470825195,0.00609538983553648,0.000388863030821085,0.0008512252243235707,5.318520545959473,-0.0006131063017652639,0.00018353715366117073,0.0015824508154764771,0.0,0.016733471389235356,-0.01650820665484139,44.52121989595291,44.521226101195204
110690,854.6165228970349,0.015746204806275747,0.0,0.0,0.0,0.0,1,0,0,0.11007630825042725,-0.2808764576911926,9.550101280212402,0.006177837029099464,0.0006799944676458836,0.00022452679695561528,5.318551063537598,-0.0006131063703287064,0.00018353694797084309,0.0014091109624132514,0.0,7.8809534913740205,-8.906222262324183,-30.140203512340683,32.40157543522279
110697,854.6660666950047,0.013503031318481686,0.0,0.0,0.0,0.0,1,0,0,0.1609198898077011,0.07484601438045502,10.580649375915527,0.00525613222271204,0.0007298975251615047,0.0005296170129440725,5.318572998046875,-0.0006131065074555914,0.0001835367594213761,0.0012643432710319757,0.0,1.0262350413314614,7.179959685132585,20.80074879061413,22.02898385514913
110704,854.715643696487,0.0,0.0,0.0,0.0,0.0,1,0,0,-0.3172088861465454,0.017515510320663452,11.260334968566895,0.0,0.0,0.0,5.318578243255615,-0.0006131066445824765,0.00018353651944932723,0.0011335372691974044,0.0,-9.64416486796699,-1.1563931328182384,13.709695470282476,16.801872245855275
110707,854.7626138962805,0.0,0.0,0.0,0.0,0.0,1,0,0,-0.1833648830652237,0.0712568536400795,10.509466171264648,0.0,0.0,0.0,5.318578243255615,-0.0006131066445824765,0.00018353648516760595,0.001118469168432057,0.0,2.849551495832126,1.1441582866497568,-15.986067774932511,16.278310871126774
110713,854.8181485980749,0.0,0.0,0.0,0.0,0.0,1,0,0,0.0035375654697418213,-0.009164659306406975,9.809995651245117,0.0,0.0,0.0,5.318578243255615,-0.0006131066445824765,0.00018353648516760595,0.001118469168432057,0.0,3.365507376396136,-1.448130814571447,-12.595197190565303,13.117267818639379
110720,854.867853295058,0.0,0.0,0.0,0.0,0.0,1,0,0,-0.029335450381040573,0.013624913059175014,9.810026168823242,0.0,0.0,0.0,5.318578243255615,-0.0006131066445824765,0.00018353648516760595,0.001118469168432057,0.0,-0.6613663868016368,0.4584993722692062,0.0006139777521504023,0.8047530981182915
110726,854.9127432964742,0.0,0.0,0.0,0.0,0.0,-1,1,0,0.016243726015090942,0.07937091588973999,9.810073852539062,0.0,0.0,0.0,5.318578243255615,-0.0006131066445824765,0.00018353648516760595,0.001118469168432057,0.0,1.0153525274712143,1.4646023781774509,0.001062234669547093,1.7821341165994553
110733,854.9631855972111,0.0,0.0,0.0,0.0,0.0,-1,1,0,-0.009168609976768494,-0.09770023822784424,9.809917449951172,0.0,0.0,0.0,5.318578243255615,-0.0006131066445824765,0.00018353648516760595,0.001118469168432057,0.0,-0.5037901844407245,-3.510370294986109,-0.0031006235957869214,3.546338079163683
110740,855.0123585946858,0.0,0.0,0.0,0.0,0.0,-1,1,0,0.08198974281549454,0.03379178047180176,9.810005187988281,0.0,0.0,0.0,5.318578243255615,-0.0006131066445824765,0.00018353648516760595,0.001118469168432057,0.0,1.853829489227696,2.6740696205753793,0.0017842727028095022,3.253818571224193
110747,855.0618697963655,0.0,0.0,0.0,0.0,0.0,-1,1,0,-0.02933545410633087,0.01362491026520729,9.810029029846191,0.0,0.0,0.0,5.318578243255615,-0.0006131066445824765,0.00018353648516760595,0.001118469168432057,0.0,-2.2484850527765494,-0.4073193443588014,0.00048154472324044684,2.2850808109854164
110754,855.1120891980827,0.0,0.0,0.20000000298023224,0.0,0.0,-1,1,0,0.06928358972072601,-0.054743796586990356,9.80992603302002,0.0,0.0,0.0,5.318578243255615,-0.0006131066445824765,0.00018353648516760595,0.001118469168432057,0.0,1.9637638134846136,-1.3614002659215403,-0.002050936941700515,2.3895152658112924
110761,855.1617983952165,0.0,0.0,0.800000011920929,0.0,0.0,-1,1,0,-0.029335446655750275,0.013624906539916992,9.81003189086914,0.0,0.0,0.0,5.318578243255615,-0.0006131066445824765,0.00018353648516760595,0.001118469168432057,0.0,-1.9839193159983755,1.3753733125664966,0.0021295425238151517,2.414040624401951
110768,855.2123743966222,0.0,0.0,1.0,0.0,0.0,-1,1,0,-0.06745393574237823,-0.25198185443878174,9.809791564941406,0.0,0.0,0.0,5.318578243255615,-0.0006131066445824765,0.00018353648516760595,0.001118469168432057,0.0,-0.753687283042505,-5.2516362226429525,-0.004751777939234518,5.305445326736401
110775,855.2630668953061,0.0,0.0,1.0,0.0,0.0,-1,1,0,0.06182291358709335,0.14511694014072418,9.810118675231934,0.0,0.0,0.0,5.318578243255615,-0.0006131066445824765,0.00018353648516760595,0.001118469168432057,0.0,2.5502165544357944,7.83348236699554,0.006452834226359498,8.23814858494419
110782,855.3141565956175,0.0,0.0,1.0,0.0,0.0,-1,1,0,0.10740210115909576,0.210862934589386,9.810166358947754,0.0,0.0,0.0,5.318578243255615,-0.0006131066445824765,0.00018353648516760595,0.001118469168432057,0.0,0.8921404371951673,1.2868737543555855,0.0009333332458333416,1.565873395405571
110789,855.3651187978685,0.0,0.0,1.0,0.0,0.0,-1,1,0,0.003537564305588603,-0.009164656512439251,9.809992790222168,0.0,0.0,0.0,5.318578243255615,-0.0006131066445824765,0.00018353648516760595,0.001118469168432057,0.0,-2.0380700257425732,-4.317466306073759,-0.0034058325174257252,4.774333077363544
110796,855.4161551967263,0.0,0.0,1.0,0.0,0.0,-1,1,0,0.08198974281549454,0.03379178047180176,9.81000804901123,0.0,0.0,0.0,5.318578243255615,-0.0006131066445824765,0.00018353648516760595,0.001118469168432057,0.0,1.5371809192189272,0.8416823668123871,0.0002989785604780854,1.7525280238563454
110803,855.4664073958993,0.0,0.0,1.0,0.0,0.0,-1,1,0,0.0035375654697418213,-0.009164659306406975,9.809995651245117,0.0,0.0,0.0,5.318578243255615,-0.0006131066445824765,0.00018353648516760595,0.001118469168432057,0.0,-1.561169036119427,-0.854817112189417,-0.00024671091648361033,1.7798767135664737
110810,855.5170472972095,0.0,0.0,1.0,0.0,0.0,-1,1,0,-0.054747775197029114,-0.16344626247882843,9.809874534606934,0.0,0.0,0.0,5.318578243255615,-0.0006131066445824765,0.00018353648516760595,0.001118469168432057,0.0,-1.150976584842291,-3.0466410711848897,-0.002391723424610725,3.25680435946447
110816,855.5610594972968,0.0,0.0,1.0,0.0,0.0,-1,1,0,0.1529812514781952,0.27660897374153137,9.810211181640625,0.0,0.0,0.0,5.318578243255615,-0.0006131066445824765,0.00018353648516760595,0.001118469168432057,0.0,4.719805559893469,9.998483042142938,0.007648948087657175,11.05650424743861
110824,855.6188453957438,0.0,0.0,1.0,0.0,0.0,-1,1,0,-0.012898938730359077,0.0022301245480775833,9.810012817382812,0.0,0.0,0.0,5.318578243255615,-0.0006131066445824765,0.00018353648516760595,0.001118469168432057,0.0,-2.870599829136352,-4.748197338230083,-0.0034327450665893747,5.548489265156021
110830,855.6638683974743,0.0,0.0,1.0,0.0,0.0,-1,1,0,-0.025605112314224243,-0.08630546182394028,9.80993366241455,0.0,0.0,0.0,5.318578243255615,-0.0006131066445824765,0.00018353648516760595,0.001118469168432057,0.0,-0.2822151588190078,-1.9664523236831415,-0.0017581006423256441,1.986600923211286
110837,855.7141980975866,0.0,0.0,1.0,0.0,0.0,-1,1,0,0.032680243253707886,0.06797613948583603,9.81005573272705,0.0,0.0,0.0,5.318578243255615,-0.0006131066445824765,0.00018353648516760595,0.001118469168432057,0.0,1.1580707899675773,3.06541864873819,0.002425413070761841,3.2768773747634445
110844,855.7653286978602,0.011942451117618184,0.0,0.0,0.10000000149011612,3.2625709772109985,-1,1,0,-0.00046943873167037964,0.09178829193115234,9.001215934753418,0.002728345338255167,-0.00048715388402342796,7.085141987772658e-05,5.318578243255615,-0.0006131066445824765,0.00018353648516760595,0.001118469168432057,63.808579593284385,-0.6483335186363601,0.465712358507296,-15.819094507895148,15.839222689323245
110850,855.8116242960095,0.013247705466985418,0.0,0.0,0.10000000149011612,6.786735534667969,-1,1,0,-0.03365214169025421,0.11605562269687653,8.766571044921875,0.003407097887247801,0.0009884992614388466,2.602938138807076e-06,5.318578243255615,-0.000613106713145919,0.00018353655373104852,0.0010307693155482411,76.12310237556106,-0.7167571925860479,0.5241822491949228,-5.0684060517985285,5.145604707845602
110857,855.8651541955769,0.006755571166904941,0.0,0.0,0.10000000149011612,6.7867271900177,-1,1,0,-0.3821423053741455,-0.4203874468803406,9.8010892868042,0.0030502143781632185,0.0012829992920160294,2.0391705675137928e-06,5.318578720092773,-0.0006131066445824765,0.0001835366908579336,0.0008808898855932057,-0.0001558876503785182,-6.510196478985127,-10.0213726144231,19.325988844429205,22.72233289270936
110864,855.9158490970731,0.05937113921008661,0.30000001192092896,0.0,0.10000000149011612,6.782964468002319,-1,1,0,-15.21669864654541,-4.057048797607422,12.519060134887695,0.00356749864295125,-0.0029558006208389997,0.0010783316101878881,5.318645000457764,-0.0006131034906641197,0.0001835386791977672,0.0008449172601103783,-0.07422288838385431,-292.6242265662839,-71.73623467838657,53.61428403778897,306.0220854648127
110870,855.9617573954165,0.0650028041065175,0.6000000238418579,0.0,0.0,0.8434186577796936,-1,1,0,-1.2128667831420898,3.3688886165618896,8.589400291442871,0.0027815531939268112,-0.003315090900287032,-3.134432336082682e-05,5.318613529205322,-0.000613099582547895,0.0001835434786387449,0.0008485793950967491,-129.37847893623643,305.0392275193199,161.7558847121516,-85.59802879315514,355.72590445154276
110877,856.0123118944466,0.17842312175425237,0.9000000953674316,0.0,0.0,0.0,-1,1,0,-9.52333927154541,0.3697023391723633,9.743902206420898,0.002098276512697339,0.004455027636140585,2.760208553809207e-05,5.318614482879639,-0.0006130923833864284,0.00018355348890135555,0.0008022307883948088,-16.683355071470572,-164.38640769544796,-59.325803537347596,22.836778864930267,176.2497105509445
110884,856.0644505955279,0.11484620829979428,1.0,0.0,0.0,0.0,-1,1,0,8.225299835205078,0.13593101501464844,9.613025665283203,0.001600304851308465,0.0016310473438352346,1.7551987184560858e-05,5.31861686706543,-0.000613090189356267,0.00018355653997454853,0.0007583999540656805,0.0,340.4119922182792,-4.483643038849444,-2.5101611360375014,340.45077237369645
110891,856.1159490980208,0.39106340230899933,1.0,0.0,0.0,0.0,-1,1,0,-29.30333709716797,3.0856399536132812,11.39824390411377,-0.013821471482515335,0.013709105551242828,-0.010473836213350296,5.318610668182373,-0.0006130818931797197,0.0001835685728587141,0.0007081603980623186,0.0,-728.7325866911111,57.27756722644579,34.66543981694476,731.8016092702994
110898,856.1671166978776,1.13964759349775,1.0,0.0,0.0,0.0,-1,1,0,-198.68655395507812,-1.211944580078125,4.104391098022461,-0.0023295264691114426,0.014111950993537903,0.003742058062925935,5.318869590759277,-0.0006130600900049919,0.0001836035402144091,0.0006692123133689165,0.0,-3310.360801205778,-83.99034830076712,-142.54826934420603,3314.4928755181345
110904,856.2110388949513,1.752718813652269,1.0,0.0,0.0,0.0,-1,1,0,-73.50242614746094,-1.0270156860351562,13.31120777130127,0.0005564801394939423,0.013876592740416527,-0.004514945205301046,5.318789482116699,-0.000612981790553611,0.0001837176126419333,0.0004965972620993853,0.0,2850.133557699036,4.210374397543738,209.61648748650902,2857.834511619053
110911,856.2620724961162,2.7238186089882874,1.0,0.0,0.0,0.0,-1,1,0,-287.80084228515625,0.71783447265625,10.021218299865723,0.0009402483701705933,0.014027540571987629,-0.00387637410312891,5.318548202514648,-0.0006128528227181932,0.0001839043794594094,0.0004421997000463307,0.0,-4199.1631248125805,34.19022210594641,-64.46712354885983,4199.797129635201
110918,856.3120173960924,3.74474938801526,1.0,0.0,0.0,0.0,-1,1,0,-365.8172912597656,-0.86016845703125,9.396127700805664,0.0011648200452327728,0.013553271070122719,-0.00093106395797804,5.318610668182373,-0.0006126573483435114,0.00018418686084266985,0.0004387664666865021,0.0,-1562.0503597304748,-31.594876162286187,-12.51560418295482,1562.4199828733247
110925,856.3633091971278,4.809356881050505,1.0,0.0,0.0,0.0,-1,1,0,-335.7159423828125,-0.147064208984375,8.594403266906738,0.0009264424443244934,0.010221011005342007,0.0010004075011238456,5.318532943725586,-0.0006123839858981042,0.00018458135775017832,0.00044082640670239925,0.0,586.8647282667193,13.902889616893239,-15.630654757970673,587.2374451543709
110932,856.4140881970525,5.98859888239687,1.0,0.0,0.0,0.0,-1,1,0,-112.5095443725586,-0.206207275390625,9.495616912841797,0.0009340951219201088,0.00919344276189804,-0.009121538139879704,5.3184967041015625,-0.0006120253990936198,0.00018509865178327391,0.0004470825078897178,0.0,4395.643835865671,-1.1647150691033685,17.747762801003955,4395.679819030214
110939,856.4647340960801,7.263897853475896,1.0,0.0,0.0,0.0,-1,1,0,-202.27017211914062,0.2234344482421875,8.842679023742676,0.00045032985508441925,0.010438919998705387,0.005929362494498491,5.318618297576904,-0.0006115950949282383,0.00018571939091030002,0.00046070097596384585,0.0,-1772.3177882120506,8.483248039467002,-12.892216381497674,1772.3849799502875
110946,856.5145003944635,8.728502085863353,1.0,0.0,0.0,0.0,-1,1,0,-416.0938720703125,0.010528564453125,7.756049156188965,0.0004594475030899048,0.011806066147983074,-3.162927532684989e-05,5.318605422973633,-0.0006110698303949387,0.0001864770340912156,0.0004658889665734023,0.0,-4296.556241807513,-4.2781137176109745,-21.83465322617892,4296.613852018074
110953,856.5654383972287,10.076990041258638,1.0,0.0,0.10000000149011612,6.457256555557251,-1,1,0,-613.544189453125,-47.3948974609375,6.409254550933838,-0.024430230259895325,0.008015281520783901,-0.07585044205188751,5.316900730133057,-0.0006105308531731313,0.00018725294942956755,0.00046443939208984375,126.7669756375184,-3876.2869893632724,-930.6494847064768,-26.439878521813547,3986.528358668437
110960,856.6170291975141,11.398668402327052,1.0,0.0,0.10000000149011612,6.413873195648193,-1,1,0,-461.0335998535156,-97.89990234375,8.112781524658203,-0.007474538870155811,0.004994894843548536,-0.1158248633146286,5.311537742614746,-0.0006097776151933878,0.00018827430475134628,0.0004901504144072533,-0.8409127144590145,2956.1586320836464,-978.9537011148981,33.01997573797008,3114.2117021434087
110967,856.6674806959927,12.689932615081885,1.0,0.0,0.10000000149011612,6.371456146240234,-1,1,0,-190.79205322265625,-8.293670654296875,8.45392894744873,0.003361035604029894,0.0034982869401574135,-0.13025516271591187,5.305258750915527,-0.0006089299653532684,0.00018938722655063424,0.0005703735514543951,-0.840749049820752,5356.462241556893,1776.0866256008376,6.7618888056394715,5643.245269346627
110974,856.7168732956052,13.96111582843305,1.0,0.0,0.10000000149011612,6.92915153503418,-1,1,0,-428.29541015625,-7.994049072265625,6.420132637023926,0.007188630290329456,0.0026985881850123405,-0.14236855506896973,5.298480987548828,-0.0006079662376049286,0.00019065979832587332,0.0006122589111328125,11.291071803661362,-4808.480598247569,6.066122949227773,-41.17613420596626,4808.660721614604
110980,856.7613402977586,15.06832178690519,1.0,0.0,0.20000000298023224,12.266204833984375,-1,1,0,36.38087463378906,-35.02479553222656,9.152060508728027,-0.020959869027137756,0.0014244858175516129,-0.24396951496601105,5.2898430824279785,-0.0006069546525736955,0.00019200701854917606,0.0006245803670026362,120.02278184931622,10449.91257083304,-607.8832651392534,61.43719476028189,10467.758562891617
110987,856.8110725954175,16.337158442426542,1.0,0.0,0.20000000298023224,12.188376903533936,-1,1,0,-1108.508056640625,-177.89404296875,4.019706726074219,-0.0024495564866811037,0.001758433529175818,-0.3128216862678528,5.2754364013671875,-0.0006057447820666391,0.00019355725512583354,0.0006261444068513811,-1.5649373568904423,-23021.034321125113,-2872.7658717151094,-103.19961120342965,23199.815842542022
110994,856.864623196423,17.729140082101793,1.0,0.0,0.20000000298023224,12.102894306182861,-1,1,0,111.52398681640625,49.349029541015625,9.5881986618042,0.01422602403908968,0.0024559078738093376,-0.34574970602989197,5.257612705230713,-0.0006044421452218266,0.00019521181098031216,0.0006691741873510182,-1.5962957603819996,22782.788998586424,4243.520487962334,103.98561045379161,23174.851751263657
111001,856.9142551980913,19.027707956053547,1.0,0.0,0.20000000298023224,12.02198076248169,-1,1,0,62.94341278076172,68.91781616210938,11.093881607055664,0.022021643817424774,0.0027318187057971954,-0.36977216601371765,5.239762306213379,-0.0006030661454934947,0.00019700083688646962,0.0006705474806949496,-1.6302696039154576,-978.8155303588406,394.2776024208982,30.336937754733565,1055.6775075915773
111008,856.9643249958754,20.280265890413194,1.0,0.0,0.30000001192092896,17.523573875427246,-1,1,0,-472.5321044921875,-40.80377197265625,6.163801193237305,-0.013289196416735649,-0.0005016019567847252,-0.49105364084243774,5.218473434448242,-0.000601661349119294,0.00019888165210132604,0.0007389449747279286,109.87847677494952,-10694.581184090574,-2191.372703518892,-98.46415667739964,10917.228412879434
111015,857.0136909969151,21.514521232477815,1.0,0.0,0.30000001192092896,17.469740867614746,-1,1,0,-445.03204345703125,-91.1522216796875,6.529323577880859,0.007684752810746431,0.0010209339670836926,-0.5936511158943176,5.191017150878906,-0.0006001366352840912,0.00020090578205194688,0.0007596206269226968,-1.0904875152670417,557.0647906646639,-1019.9013216909524,7.404334500363541,1162.1422938498583
111022,857.063004296273,22.671239323870097,1.0,0.0,0.30000001192092896,17.418950080871582,-1,1,0,-660.8475341796875,-23.70709228515625,5.1229987144470215,0.0308024100959301,-0.000378631055355072,-0.6352314949035645,5.16052770614624,-0.0005985519970001069,0.0002030377794385409,0.0007590103195980191,-1.0299612357013495,-4376.415561984124,1367.6864106181272,-28.518166128521244,4585.236370653714
111029,857.114644896239,23.96609913107526,1.0,0.0,0.0,12.116341590881348,-1,1,0,-185.96957397460938,134.26602172851562,8.510468482971191,0.05711159110069275,0.001580309122800827,-0.6363793015480042,5.1269612312316895,-0.0005969126450889717,0.00020534274524980004,0.000740966759622097,-102.68293732986066,9195.825775015855,3059.0875031957485,65.59702580433306,9691.518508801844
111036,857.1670348979533,25.146197219863605,0.0,0.0,0.0,0.0,-1,1,0,-842.1997680664062,320.45819091796875,6.393535137176514,0.13491235673427582,0.001893259584903717,-0.3355226516723633,5.101704120635986,-0.0005954473757584398,0.00020755528754051988,0.000761489849537611,-231.27202127176955,-12525.867009345011,3553.9637926540036,-40.407201308025535,13020.354669409391
111043,857.2180006951094,25.930541041558016,0.0,0.0,0.0,0.0,-1,1,0,490.0615234375,582.735107421875,11.662036895751953,0.07883291691541672,-0.008670825511217117,-0.119596466422081,5.09168004989624,-0.0005938865975524312,0.00021036541165555484,0.0010797881986945868,0.0,26140.301257793002,5146.135862461203,103.37328272212312,26642.236208671835
111050,857.2675589956343,26.03310990186598,0.0,0.0,0.0,0.0,-1,1,0,-141.69888305664062,241.50071716308594,4.865443706512451,0.008907731622457504,-0.02310708910226822,-0.020806632936000824,5.088622093200684,-0.0005924867377460485,0.0002133491555479665,0.0016690063057467341,0.0,-12747.822257869439,-6885.514366801083,-137.14338702590842,14489.171429804415
111056,857.3115650974214,25.71730363959506,0.0,0.0,0.0,0.0,-1,1,0,712.662841796875,129.74755859375,6.270461082458496,-0.025173701345920563,-0.030198104679584503,0.006478486116975546,5.087905406951904,-0.0005911930141487101,0.0002163579422377681,0.0020987701136618853,0.0,19414.6195676926,-2539.492343812194,31.927785440841365,19580.027929142398
111063,857.3631429970264,25.119448271662232,0.0,0.0,0.0,0.0,-1,1,0,-15.793174743652344,49.68248748779297,5.468260288238525,-0.04010835662484169,-0.032307423651218414,-0.03522280231118202,5.087090492248535,-0.0005899696366434146,0.00021932694499003666,0.002234230050817132,0.0,-14123.413751214579,-1552.313524185074,-15.553188485047349,14208.474061877194
111070,857.4160162955523,24.33779946558354,0.0,0.0,0.0,0.0,-1,1,0,-823.4829711914062,26.54290771484375,5.406337738037109,-0.039208605885505676,-0.0283663272857666,0.02595779486000538,5.087071895599365,-0.0005887295296581348,0.00022240571781380943,0.0021335219498723745,0.0,-15275.948710736819,-437.64206921294254,-1.1711497471864434,15282.21649386628
111077,857.4654821977019,23.506385482010256,0.0,0.0,0.0,0.0,-1,1,0,240.5238037109375,22.50238037109375,8.46669864654541,-0.03478243201971054,-0.02441338822245598,-0.02365417592227459,5.086945056915283,-0.0005877277491991333,0.00022492407019912802,0.0019476318266242743,0.0,21509.903360961656,-81.68308204556543,61.86809045245053,21510.147428235312
111084,857.51625039801,22.602832944340708,0.0,0.0,0.0,0.0,-1,1,0,-38.971981048583984,10.227439880371094,9.537752151489258,-0.0292265135794878,-0.01989409327507019,0.022378377616405487,5.087030410766602,-0.0005866441725531756,0.00022766659075982662,0.0017064666608348489,0.0,-5505.331744348119,-241.78403835930257,21.09693663443275,5510.6789252566505
111091,857.5684761963785,21.647450095166924,0.0,0.0,0.0,0.0,-1,1,0,1042.9022216796875,5.168212890625,8.831459999084473,-0.02483595535159111,-0.016065562143921852,-0.032576460391283035,5.086696624755859,-0.0005855974144758628,0.0002303254639206264,0.0014730453258380294,0.0,20715.321479542137,-96.8721809488321,-13.523817241086117,20715.552397024185
111098,857.6180597953498,20.727899890625864,0.0,0.0,0.0,0.0,-1,1,0,261.3216552734375,2.240997314453125,9.806517601013184,-0.019067097455263138,-0.012407876551151276,0.030586574226617813,5.087066650390625,-0.000584591177393092,0.00023288623993601232,0.0012719726655632257,0.0,-15762.884958342587,-59.035964248223664,19.664921912824017,15763.007776568898
111104,857.6626595966518,19.917605485170732,0.0,0.0,0.0,0.0,-1,1,0,783.2701416015625,-0.32220458984375,8.23546314239502,-0.015240907669067383,-0.009384239092469215,0.03346456214785576,5.08717155456543,-0.0005836191534681498,0.00023536220297297643,0.0011103057768195868,0.0,11702.93299726499,-57.47115075565261,-35.22559322588858,11703.127125433657
111111,857.7147199958563,18.987257053042146,0.0,0.0,0.0,0.0,-1,1,0,-489.5076599121094,-0.13336181640625,11.762551307678223,-0.01252626720815897,-0.006558169610798359,-0.03587515652179718,5.086656093597412,-0.0005826734579051437,0.00023777085385022682,0.0009852981893345714,0.0,-24448.09914949398,3.627378512710363,67.74992545540896,24448.193291811203
111118,857.7665404975414,16.459409269787688,0.0,0.0,0.0,0.0,1,0,0,126.35478210449219,-0.1035003662109375,9.056142807006836,-0.008855744265019894,-0.039851266890764236,-0.017394281923770905,5.086064338684082,-0.0005819008850345601,0.00023973848752420577,0.0009057998540811241,0.0,11884.532607548565,0.5762478020137364,-52.22659782638389,11884.647375899174
111125,857.8176332972944,12.397856906779014,0.0,0.0,0.0,0.0,1,0,0,1067.700927734375,-2.611328125,2.453665256500244,-0.006446966901421547,-0.05802950635552406,-0.005816133692860603,5.085478782653809,-0.0005810945103868017,0.00024179019711959715,0.0007787322974763811,0.0,18424.242754000166,-49.08378031572311,-129.2252055559999,18424.761312689203
111131,857.8609427958727,9.456896607944694,0.0,0.0,0.0,0.0,1,0,0,1322.039794921875,5.2171630859375,-1.1873188018798828,-0.0029163863509893417,-0.04609018191695213,0.010328181087970734,5.085610866546631,-0.0005804950602086408,0.00024331139707834402,0.0007202148553915322,0.0,5872.588589951405,180.7569117149307,-84.06894972004089,5875.9711874946415
111138,857.9123798981309,6.718087070606046,0.20000000298023224,0.0,0.0,0.0,1,0,0,143.2244873046875,7.091270446777344,8.563172340393066,-0.0030851801857352257,-0.02204783819615841,0.008848585188388824,5.086372375488281,-0.0005800629048302863,0.00024441489140428386,0.0007232665666379035,0.0,-22917.60724971903,36.434932734588095,189.56143939305056,22918.420170160123
111145,857.9635246954858,4.915239131266867,0.5,0.0,0.0,0.0,1,0,0,678.5914306640625,-4.973297119140625,1.9704713821411133,-0.00455593504011631,0.0042062802240252495,-0.0026116231456398964,5.086543083190918,-0.000579749912715073,0.00024521915772612407,0.000737419119104743,0.0,10467.67161171869,-235.89041681389068,-128.90267044172015,10471.122631216434
111152,858.0156345963478,3.7148979644259463,0.9000000953674316,0.0,0.0,0.0,1,0,0,544.1409912109375,-3.02880859375,3.463449001312256,-0.0027709994465112686,0.019582565873861313,0.00696495920419693,5.086642265319824,-0.0005795197452384529,0.0002458059236673705,0.0007345962221734226,0.0,-2580.1323209045945,37.31514536058927,28.65055573844852,2580.561192414149
111159,858.0667982958257,2.950694657146584,1.0,0.0,0.0,0.0,1,0,0,143.02444458007812,-1.2804794311523438,8.510159492492676,-0.0025821030139923096,0.027168327942490578,-0.010083923116326332,5.086490631103516,-0.000579359169656015,0.0002462127448536739,0.0007090377621352673,0.0,-7839.865973805006,34.171281209883304,98.63849844085739,7840.56093127652
111165,858.1117876954377,2.3484038914770604,1.0,0.0,0.0,0.0,1,0,0,231.63299560546875,-0.1178741455078125,7.741442680358887,-0.0018225405365228653,0.027033496648073196,-0.00966706220060587,5.086355209350586,-0.0005792157349342133,0.0002465747426894176,0.0006938934093341231,0.0,1969.5428654232305,25.841760407394375,-17.086620820999027,1969.786498057996
111172,858.1624107956886,1.6158723139531528,1.0,0.0,0.0,0.0,1,0,0,138.72610473632812,-0.0077972412109375,9.024809837341309,-0.0007957080379128456,0.02104846201837063,0.00585068017244339,5.086320877075195,-0.0005791041822131943,0.0002468551843102615,0.0006760024698451161,0.0,-1835.2667143767014,2.1744402012357757,25.351413694938604,1835.4430896286526
111179,858.2144515961409,1.1860394665314853,1.0,0.0,0.0,0.0,1,0,0,100.07290649414062,0.30397796630859375,9.154327392578125,-0.0008871518075466156,0.021298721432685852,-0.010025696828961372,5.086155891418457,-0.0005790216318283716,0.0002470621259207038,0.0006572341662831604,0.0,-742.7479574928294,5.990976403326195,2.4887694676352847,742.7762880783811
111186,858.2654988951981,0.6032987286578537,1.0,0.0,0.0,0.0,1,0,0,106.53569793701172,0.2661285400390625,9.393332481384277,-0.00025505106896162033,0.014486255124211311,0.00571327842772007,5.086081504821777,-0.0005789719918959696,0.00024718632859686276,0.000647697423119098,0.0,126.60398419167322,-0.741457960921425,4.682032021677156,126.69269906733089
111193,858.3184070959687,0.12123220053556698,1.0,0.0,0.0,0.0,1,0,0,166.69422912597656,0.33770751953125,8.974348068237305,5.624652840197086e-05,0.00534807937219739,0.0016150092706084251,5.085882186889648,-0.0005789363389058469,0.0002472750496915077,0.000636787386611104,0.0,1137.0360419130886,1.3528900709082532,-7.919082619412429,1137.0644233245803
111199,858.3615891970694,0.944021772267332,1.0,0.0,0.0,0.0,1,0,0,241.34620666503906,1.466064453125,9.195579528808594,0.00010017346357926726,0.0009538406156934798,0.010179389268159866,5.086023330688477,-0.0005789314709014264,0.00024728624267350216,0.0006368636968545616,0.0,1728.7713111736794,26.130199893767966,5.123221310039238,1728.9763679935716
111206,858.413827996701,1.8148307945610813,1.0,0.0,0.0,0.0,1,0,0,198.2552490234375,0.064056396484375,8.702449798583984,-0.0004812493280041963,-0.0006835146341472864,0.0005292192799970508,5.08597993850708,-0.0005789750086874418,0.00024717587267187555,0.0006421279977075756,0.0,-824.8841463719018,-26.83844319792999,-9.439913124005813,825.3746233855136
111213,858.4650479964912,2.638946377964117,1.0,0.0,0.0,0.0,1,0,0,235.83140563964844,0.424835205078125,8.894265174865723,-0.00028223320259712636,-0.0007375312852673233,0.0006457436247728765,5.086118698120117,-0.0005790579704529201,0.0002469638230849639,0.0006403732113540173,0.0,733.6227405336024,7.043709685114782,3.7449312195910998,733.6661119228562
111220,858.516949094832,3.6098131543627683,1.0,0.0,0.0,0.0,1,0,0,283.8177795410156,-0.0076751708984375,8.510751724243164,-0.0002067262539640069,-0.0020036904606968164,0.005472798831760883,5.086432933807373,-0.0005791592386575575,0.00024670573314638757,0.0006462096935138106,0.0,924.5733796675948,-8.333356900021139,-7.389312806150116,924.6404604877124
111226,858.5619567967951,4.451655666212021,1.0,0.0,0.0,0.0,1,0,0,4.942080974578857,-0.5458941459655762,9.699970245361328,-0.0005775177269242704,-0.00038302165921777487,-0.004897664301097393,5.08612585067749,-0.0005793251621885139,0.0002462829881005545,0.0006431961082853377,0.0,-6196.177240831829,-11.95837493563593,26.422555901451645,6196.245117326606
111233,858.612772397697,5.515272683517588,1.0,0.0,-0.10000000149011612,-1.916792392730713,1,0,0,348.3087463378906,-0.7738037109375,8.42884349822998,-0.002775760367512703,-0.0027350704185664654,-0.011055348441004753,5.086031913757324,-0.0005795354462667962,0.00024574646202182843,0.0006471252418123186,-37.72054956967413,6757.111187695596,-4.485031386565024,-25.0144980000673,6757.158977225393
111240,858.6640689969063,6.677302721680838,1.0,0.0,-0.10000000149011612,-6.569874048233032,1,0,0,434.0224609375,-52.137420654296875,7.9763946533203125,-0.016267670318484306,-0.003817489370703697,-0.062094222754240036,5.084067344665527,-0.0005797903651461755,0.000245078979767853,0.0006545257638208568,-90.70935943562395,1670.9434138092959,-1001.3064751871229,-8.820250306721377,1948.0103557783766
111247,858.7172664962709,8.001490466368121,1.0,0.0,-0.10000000149011612,-6.527002334594727,1,0,0,344.360595703125,-53.26054382324219,8.476176261901855,-0.007759987376630306,-0.007006427273154259,-0.08240947872400284,5.080089569091797,-0.0005800311599563939,0.00024437272488712046,0.0006754684145562351,0.8058971596477474,-1685.4526303921648,-21.112330135058624,9.394832737457278,1685.6110353998529
111253,858.7620294950902,9.264516461080124,1.0,0.0,-0.10000000149011612,-6.484904527664185,1,0,0,68.62230682373047,-15.065511703491211,9.460630416870117,-0.00447717634961009,-0.008014054037630558,-0.09688717871904373,5.076004981994629,-0.0005803484030050514,0.000243408397208671,0.0007363128243014216,0.9404599343407477,-6159.960149054891,853.2724153243981,21.992587202238088,6218.815524405732
111260,858.8132069967687,10.590534753053793,1.0,0.0,-0.20000000298023224,-10.3174467086792,1,0,0,636.8843383789062,-49.45703125,6.023721694946289,-0.015266001224517822,-0.004809660837054253,-0.13615624606609344,5.070326805114746,-0.000580719399792665,0.0002422610051386421,0.0007877731113694608,-74.88724645243042,11103.747016128282,-672.0046586599831,-67.15663346594985,11124.266181319868
111267,858.8661785945296,11.88727494379145,1.0,0.0,-0.20000000298023224,-12.468246936798096,1,0,0,188.66944885253906,-114.72066497802734,8.514638900756836,-0.02383100613951683,-0.0015017613768577576,-0.22838208079338074,5.059917449951172,-0.0005811165878153348,0.00024094254727947693,0.0008278655586764216,-40.602895117991515,-8461.419108960225,-1232.0495602679568,47.02363740382455,8550.776027876556
111273,858.9112943969667,13.018309862667799,1.0,0.0,-0.20000000298023224,-12.397251605987549,1,0,0,34.02941131591797,-63.103919982910156,9.91707992553711,-0.013483394868671894,-0.0008175000548362732,-0.25879237055778503,5.0487565994262695,-0.0005814570738710252,0.00023965516580064025,0.0009004974272102118,1.573624472480119,-3427.624672138586,1144.0945789918833,31.085361426000734,3613.658755116032
111280,858.9629148952663,14.336538932609729,1.0,0.0,0.0,-0.3276554346084595,1,0,0,513.6175537109375,-20.58868408203125,6.287151336669922,0.04395538195967674,-0.002558564767241478,-0.1497398316860199,5.037196159362793,-0.0005818537819496086,0.0002380610486207426,0.0010084152454510331,233.8140190226122,9290.653096983915,823.6114973963633,-70.31951857185786,9327.353091945886
111287,859.015078894794,15.679350645589139,1.0,0.0,0.0,0.0,1,0,0,385.96728515625,148.58074951171875,4.682663917541504,0.0368395671248436,-0.002456117421388626,-0.029699474573135376,5.033760070800781,-0.0005823720530118186,0.00023622694225109908,0.0010183333652094007,6.281255992162064,-2447.095117522969,3243.030349004229,-30.758519930524663,4062.815088742725
111294,859.0653477944434,16.99699771642975,1.0,0.0,0.0,0.0,1,0,0,580.422607421875,48.326934814453125,5.172702312469482,0.013529229909181595,-0.0020132623612880707,-0.006909640971571207,5.033062934875488,-0.0005828892956223812,0.00023460406270706005,0.0008979034028016031,0.0,3868.30274030112,-1994.350689920042,9.74834138693956,4352.159899999711
111300,859.1117785945535,18.21960046384786,1.0,0.0,0.0,0.0,1,0,0,-343.63818359375,16.836959838867188,14.229249000549316,0.004289473406970501,-0.0019261252600699663,-0.0020635814871639013,5.032896041870117,-0.0005835642341507956,0.00023253888039520147,0.0007807158981449902,0.0,-19901.892468456128,-678.213059023612,195.05471942339952,19914.400395768644
111307,859.162310294807,19.551102279871916,1.0,0.0,0.0,0.0,1,0,0,1261.140380859375,4.599365234375,4.2096662521362305,-0.001220052712596953,-0.0013282718136906624,-0.00035750376991927624,5.03284215927124,-0.0005843097244615875,0.00023027909789255586,0.0008431243477389216,0.0,31757.85806539128,-242.17658505658153,-198.2831113568506,31759.400412982246
111314,859.214392196387,20.925527300229838,1.0,0.0,0.0,0.0,1,0,0,-422.9915466308594,3.429168701171875,10.93908977508545,-0.002656300086528063,-0.0009719664230942726,-0.002543860115110874,5.032809734344482,-0.0005850987525583943,0.00022789562693956882,0.0009122848277911544,0.0,-32336.221919628937,-22.468391085980468,129.208483538187,32336.487868912223
111321,859.2650588974357,22.185013991185915,1.0,0.0,0.0,0.0,1,0,0,630.9575805664062,1.253509521484375,4.999748229980469,-0.0024184025824069977,0.0005845915293321013,0.002526281401515007,5.032838821411133,-0.0005859422885920235,0.00022535166610845736,0.0009203338413499296,0.0,20801.61339468392,-42.9406125652437,-117.22376673796917,20801.988009072335
111328,859.3177083954215,23.262427566153963,1.0,0.0,0.0,0.0,1,0,0,1017.4577026367188,0.8597412109375,2.9218411445617676,-0.0021635047160089016,0.0054498957470059395,0.00018042756710201502,5.03282356262207,-0.0005867368703276746,0.00022295686504658863,0.0009030913934111595,0.0,7341.0029887514265,-7.47905156954734,-39.4667976886989,7341.112888737617
111334,859.3630468957126,23.96080113300338,1.0,0.0,0.0,0.0,0,0,0,-1343.201171875,0.16192626953125,18.076278686523438,-0.0018169796094298363,0.012676909565925598,4.846693991567008e-05,5.032824516296387,-0.0005876613112235048,0.00022017164660204008,0.0008725738152861595,0.0,-52067.42303681019,-15.391222403161228,334.2509664999543,52068.49817588833
111341,859.4150595963001,23.976761664076452,1.0,0.0,0.0,0.0,0,0,0,952.716796875,0.3419189453125,4.721684455871582,-0.0013977084308862686,0.022376373410224915,1.2884404895885382e-05,5.0328264236450195,-0.000588651641587619,0.00021718786842789641,0.0008345031528733671,0.0,44141.4874216564,3.460552398705262,-256.7564091040193,44142.234284472834
111348,859.4655191972852,24.20529001077392,1.0,0.0,-0.10000000149011612,-2.834502339363098,2,0,0,375.64605712890625,-4.4812469482421875,8.358020782470703,-0.010780278593301773,0.013823567889630795,-0.016436941921710968,5.032669544219971,-0.000589477762506838,0.00021469901546372101,0.0007974624168127775,-56.17369705723364,-11436.292171970683,-95.5847014125946,72.06430997495339,11436.918655940253
111355,859.5175029970706,26.562438397648872,1.0,0.0,-0.10000000149011612,-6.020067453384399,2,0,0,252.6483154296875,-137.50033569335938,9.821091651916504,-0.044115014374256134,-0.02131526917219162,-0.16357235610485077,5.027311325073242,-0.0005904499235586773,0.0002117338865459447,0.0007654952933080494,-61.27995889437625,-2366.0783206890783,-2558.8565917518586,28.144746545776766,3485.235401453525
111361,859.5630527958274,28.315508846083244,1.0,0.0,0.0,-0.7442699670791626,2,0,0,-40.511783599853516,-121.62248229980469,12.147150039672852,-0.006688475608825684,-0.020655091851949692,-0.19094042479991913,5.018316268920898,-0.0005914235930062608,0.0002085060567980741,0.0008507919264957309,115.82482536244454,-6436.034999727247,348.5822951340951,51.06627144883191,6445.670166730124
111368,859.6136747971177,30.067487561863125,1.0,0.0,0.0,0.0,2,0,0,377.5287780761719,53.144866943359375,6.187653064727783,0.02365579456090927,-0.014493260532617569,-0.07773451507091522,5.0123395919799805,-0.000592472476550319,0.0002049156292843305,0.0010384749621152878,14.70249986385787,8258.080499001378,3452.399051567695,-117.7254320856827,8951.469824370304
111375,859.6668286956847,31.749226443324513,1.0,0.0,0.0,0.0,2,0,0,715.5053100585938,26.926300048828125,2.266678810119629,0.012094089761376381,-0.007306798826903105,-0.030389459803700447,5.009840488433838,-0.0005935896492831455,0.00020122220233903112,0.001062316820025444,0.0,6358.452363689781,-493.2576462195352,-73.76644724692504,6377.982522365958
111381,859.7123892977834,33.097955236230604,1.0,0.0,0.0,0.0,2,0,0,-817.038330078125,5.6624755859375,15.486637115478516,0.006551776546984911,-0.0030270670540630817,-0.0138023616746068,5.008944511413574,-0.0005946185808654144,0.00019784360158101076,0.0010037231259047985,0.0,-33637.475571911586,-466.71517678419303,290.162063194839,33641.96456704196
111388,859.766464997083,34.624480954912805,1.0,0.0,0.0,0.0,2,0,0,1783.7940673828125,0.49658203125,-3.378976821899414,0.003555008675903082,1.6875332221388817e-05,-0.005535836331546307,5.008487224578857,-0.0005959225204157274,0.00019356759106444854,0.0009268951253034174,0.0,48096.139877037735,-95.53077670006583,-348.8741557065095,48097.500042906555
111394,859.8126766979694,34.61697013259679,1.0,0.0,0.0,0.0,0,0,0,-1219.1890869140625,-0.28033447265625,17.96645164489746,0.0024938033893704414,0.021711507812142372,-0.002515023108571768,5.0083208084106445,-0.0005970932411971739,0.00018972875819837662,0.0008727264357730746,0.0,-64983.17734881146,-16.81211660688767,461.90527631148404,64984.82113138908
111401,859.8641962967813,34.40970631258387,1.0,0.0,0.0,0.0,0,0,0,1547.576904296875,-0.15899658203125,1.8667874336242676,0.0017865672707557678,0.02983626164495945,-0.0010556090855970979,5.008238792419434,-0.0005984121275779565,0.00018540329629887698,0.0008123778970912099,0.0,53703.17422917814,2.3551792603838395,-312.49591577886036,53704.08347168501
111407,859.9144513979554,36.141829136665784,0.0,0.0,0.0,0.0,3,0,0,-751.3455200195312,-0.5794677734375,14.092166900634766,0.001378429587930441,-0.007219225633889437,-0.00048310263082385063,5.008204460144043,-0.0005995908702821764,0.00018153652382996505,0.0007725524483248591,0.0,-45745.05613572349,-8.366736541818236,243.26643825974773,45745.703726391155
111413,859.9620706960559,37.4369481532763,0.0,0.0,0.0,0.0,3,0,0,993.496337890625,-0.58343505859375,4.854267120361328,0.0010607973672449589,-0.007071152329444885,-0.00024088278587441891,5.008188247680664,-0.0006008762977029923,0.00017731906649332043,0.000764121999964118,0.0,36641.486277868506,-0.08331255004808058,-193.99487495137964,36641.99981810047
111420,860.0172508955002,38.24213322193504,0.0,0.0,0.0,0.0,3,0,0,645.048583984375,-0.018798828125,6.306917667388916,0.0008675981080159545,0.006081690080463886,-0.00010682229185476899,5.008180141448975,-0.0006023856533271538,0.00017236647192576086,0.0007620239048264921,0.0,-6314.724437667504,10.232587706370412,26.32557623308486,6314.787602563553
111426,860.0620298944414,38.4549382772523,0.0,0.0,0.0,0.0,3,0,0,-1017.3089599609375,-0.08929443359375,14.530627250671387,0.000700908713042736,0.01506644207984209,-5.298994074109942e-05,5.008177280426025,-0.0006037144128436516,0.0001680060598114144,0.0007525634719058871,0.0,-37123.59774118238,-1.5743006126900134,183.65103681938618,37124.0520341041
111432,860.1153822951019,38.39890166879032,0.0,0.0,0.0,0.0,3,0,0,-1289.6103515625,-0.24755859375,14.656352996826172,0.0004906943067908287,0.018814729526638985,-2.018992745433934e-05,5.008175373077393,-0.0006052001140801286,0.0001631306848210081,0.0007345580961555243,0.0,-5103.82641137811,-2.9663924808800313,2.3565152570132155,5103.827817445379
111437,860.1662013977766,38.16308653699684,0.0,0.0,0.0,0.0,3,0,0,-473.8542785644531,0.054443359375,11.12711238861084,0.00039479881525039673,0.019800981506705284,-4.9323871280648746e-06,5.008174896240234,-0.000606581736010821,0.0001585963615346526,0.0007153319893404841,0.0,16052.154210975521,5.942685667986327,-69.4471256370839,16052.305536330641
111442,860.2159811966121,37.830794147358105,0.0,0.0,0.0,0.0,3,0,0,-212.68788146972656,-0.166015625,10.195755004882812,0.0003135763108730316,0.01792757585644722,3.1968397706805263e-06,5.008174896240234,-0.0006079366181989185,0.0001541501936945397,0.0006968307425267994,0.0,5246.433356584686,-4.428683713717842,-18.709544946243124,5246.468586144016
111447,860.2638023979962,37.45762118892544,0.0,0.0,0.0,0.0,3,0,0,340.4887390136719,0.117584228515625,9.524201393127441,0.0002540145069360733,0.01694188266992569,7.199145784397842e-06,5.008174896240234,-0.0006093133721251841,0.00014963187997201093,0.0006812286446802318,0.0,11567.601910304555,5.930420928532156,-14.04301005242229,11567.611954561118
111452,860.3147734962404,37.12417273512068,0.0,0.0,0.0,0.0,0,0,0,-140.6666259765625,-0.20551300048828125,9.876572608947754,0.00018127867951989174,0.010050158016383648,7.977640052558854e-06,5.008175373077393,-0.0006106415831341261,0.00014527316480285183,0.0006677627679891884,0.0,-9439.76844848693,-6.33883200742557,6.91315721964999,9439.773108162255
111458,860.3650535978377,37.092327967321,0.0,0.0,0.0,0.0,0,0,0,2230.941650390625,-0.0648193359375,10.049755096435547,0.00013571034651249647,0.0034668748266994953,3.979753273597453e-06,5.008175373077393,-0.0006119606066417644,0.00014094438614678883,0.0006593703874386847,0.0,47167.92928067812,2.7981976981190284,3.4443543665604155,47167.92948943742
111464,860.4140492975712,37.021098118326904,0.0,0.0,0.0,0.0,0,0,0,-1492.7454833984375,0.00213623046875,9.627616882324219,0.00021163537167012691,0.003210422582924366,-2.869295349228196e-05,5.008174896240234,-0.0006132549473100845,0.00013669652092335077,0.000657043419778347,0.0,-76000.28480139001,1.3665600607899084,-8.615821723283503,76000.28530204517
111471,860.4678883962333,35.184961571138885,0.0,0.0,0.0,0.0,2,0,0,1131.740966796875,0.02386474609375,11.134982109069824,9.77441668510437e-05,0.02873370610177517,1.49615116242785e-05,5.008174896240234,-0.0006145961853731005,0.0001322950564477592,0.0006512832478620112,0.0,48746.84969495907,0.40358245522190445,27.997594020006336,48746.85773679244
111477,860.513988494873,8.629471553941329,0.0,0.0,0.0,0.0,2,0,0,-3895.2333984375,-602.97607421875,-163.6988067626953,0.1311076134443283,-0.06406453251838684,0.8541514873504639,5.02329683303833,-0.0006159246706358031,0.00012782769393345237,-0.001959571847692132,0.0,-109044.76375463529,-13080.23099207016,-3792.4818824813224,109891.92811093581
111484,860.5674807950854,4.50939992631562,0.0,0.0,0.0,0.0,2,0,0,-3977.22607421875,-394.456298828125,42.43152618408203,0.15085084736347198,0.006674572825431824,0.5743140578269958,5.060651779174805,-0.0006157664262104653,0.00012626796131994845,-0.010172958485782146,0.0,-1532.7939807357359,3898.126918504683,3853.4580141135702,5691.571797551765
111490,860.6122679971159,1.5780789771619361,0.0,0.0,0.0,0.0,2,0,0,-525.6123046875,909.4198608398438,18.361066818237305,0.1240905374288559,0.014145486056804657,0.18980640172958374,5.076407432556152,-0.0006153853505968571,0.0001257736446105112,-0.015366782434284687,0.0,77066.96585303207,29112.695157477167,-537.4405695067895,82384.1919757083
111497,860.6628121957183,0.10375757206779891,0.0,0.0,0.0,0.0,2,0,0,-194.186279296875,393.84002685546875,44.47849655151367,-0.006942906882613897,-0.0061140283942222595,0.010825601406395435,5.078939437866211,-0.0006152658445165186,0.00012563886602333382,-0.01962333545088768,0.0,6557.152641740348,-10200.573918279639,516.7245787930369,12137.33757130031
111504,860.7133479975164,0.12101568341485282,0.0,0.0,0.0,0.0,2,0,0,-36.53741455078125,56.86067199707031,65.176025390625,-0.042383380234241486,-0.002751048654317856,-0.005611581262201071,5.0789313316345215,-0.0006152542572947301,0.00012562770732306,-0.020128363743424416,0.0,3119.5481052406008,-6668.13116381648,409.56169888823945,7373.146844052881
111511,860.7663775980473,0.1867869141584101,0.0,0.0,0.0,0.0,0,0,0,-12.087282180786133,11.078804016113281,36.3183479309082,-0.04520149156451225,0.00398203544318676,-0.009065327234566212,5.07849645614624,-0.0006152466467526086,0.00012562605323000856,-0.01844489946961403,0.0,461.0657467759979,-863.3266613862638,-544.1805552150417,1119.8424102455722
111518,860.8174160979688,0.15590990923681158,0.0,0.0,0.0,0.0,0,0,0,-3.0279853343963623,0.4955700635910034,6.944218635559082,-0.03650977835059166,0.005309531465172768,-0.004668082110583782,5.078075408935547,-0.0006152410245503204,0.00012562807585156336,-0.01630348153412342,0.0,177.4992772184285,-207.35785669224936,-575.5288525425598,636.9746731652864
111524,860.8623545952141,0.12453530312168073,0.30000001192092896,0.0,0.0,0.0,1,0,0,6.297492027282715,-3.6958680152893066,-0.39304596185684204,-0.033903054893016815,0.0013445895165205002,0.0021591861732304096,5.077931880950928,-0.000615232796937216,0.00012562944712041398,-0.014019851572811604,0.0,207.5164487760429,-93.27054387243861,-163.27347479741087,280.03695905951645
111531,860.9140522964299,0.15604711867143312,0.6000000238418579,0.0,0.0,0.0,1,0,0,-4.75356388092041,6.617561340332031,11.580482482910156,-0.024190248921513557,-0.0027893632650375366,-0.013488628901541233,5.077569484710693,-0.0006152257349026347,0.00012563217251725483,-0.012149925343692303,0.0,-213.76300393096852,199.4949313622573,231.60659300496286,373.0073235369374
111538,860.9652833975852,0.09034518025436236,0.9000000953674316,0.0,0.0,0.0,1,0,0,5.829710006713867,-2.3185555934906006,5.4532599449157715,-0.02664712443947792,-0.0005611907690763474,0.0032132859341800213,5.077383518218994,-0.000615221072588542,0.00012563266960221315,-0.010379447601735592,0.0,206.5790828027775,-174.42757880095786,-119.59966504375576,295.6416370820926
111545,861.0168559961021,0.05525465224491977,1.0,0.0,0.0,0.0,1,0,0,2.9752535820007324,-2.5092105865478516,1.1752469539642334,-0.01777292974293232,-0.0023873960599303246,0.00351778045296669,5.0773162841796875,-0.0006152168902185472,0.00012563290957426194,-0.009198188781738281,0.0,-55.348314934634814,-3.6968273567720806,-82.95127866295616,99.78986486827559
111552,861.0667697973549,0.11087012272786825,1.0,0.0,0.0,0.0,1,0,0,17.003616333007812,-17.099868774414062,-12.561080932617188,-0.0015470994403585792,-0.0054461159743368626,0.013002965599298477,5.077853202819824,-0.0006152098967474087,0.00012562826440102963,-0.008516197092831135,0.0,281.0517812487452,-292.31711113237367,-275.200997355402,490.07651050553017
111558,861.1115669980645,0.09874645549566556,1.0,0.0,0.0,0.0,1,0,0,-2.704268455505371,7.374095439910889,1.0639032125473022,-0.001075386768206954,-0.005581194069236517,0.0114325862377882,5.078380584716797,-0.0006152007092461091,0.00012561630008030603,-0.008872374892234802,0.0,-439.93563160963305,546.3279809153428,304.14811482294994,764.5414955652545
111565,861.161687195301,0.15101692377212123,1.0,0.0,0.0,0.0,1,0,0,17.712543487548828,-10.578191757202148,3.5089709758758545,0.0031690318137407303,-0.006930138915777206,0.018614767119288445,5.079029083251953,-0.0006151922073792347,0.00012560487569669246,-0.009538612328469753,0.0,407.35697520699733,-358.18468774950685,48.78408103202919,544.6245150102459
111572,861.215046595782,0.1744227531628753,1.0,0.0,-0.10000000149011612,-6.608638525009155,1,0,0,-3.3593130111694336,-4.120911598205566,10.039826393127441,-0.0022765169851481915,-0.0076307752169668674,0.014692267403006554,5.079927921295166,-0.0006151834312585904,0.00012558763199089324,-0.010368194431066513,-123.85143883623863,-394.9042963147068,121.0148558790049,122.39371803996983,430.7832643068643
111579,861.2666781954467,0.14129227610479547,1.0,0.0,-0.10000000149011612,-6.784953594207764,1,0,0,-7.815201759338379,1.628502368927002,12.451101303100586,-0.00268120551481843,-0.0084903035312891,0.016878990456461906,5.080779075622559,-0.000615174243757291,0.0001255717852652358,-0.011073112487792969,-3.4148674521737474,-86.30158230825486,111.35455814793801,46.70153405342318,148.42113734968493
111586,861.3175982944667,0.14636100080081269,1.0,0.0,-0.10000000149011612,-6.784905672073364,1,0,0,1.9197068214416504,-3.842377185821533,8.966397285461426,-0.0024864976294338703,-0.007488891948014498,0.016738714650273323,5.081587314605713,-0.0006151626565355025,0.00012555628135679098,-0.011825485154986382,0.0009411241400097741,191.18007953903646,-107.44047360550628,-68.43474550727352,229.7315663416177
111592,861.3616522960365,0.14073776455204903,1.0,0.0,0.0,0.0,1,0,0,-5.519069671630859,9.587882995605469,14.181099891662598,0.00042554503306746483,-0.005587545223534107,0.01596880331635475,5.0823259353637695,-0.0006151505893696163,0.00012554217442848796,-0.012490958906710148,154.01337972286697,-168.85586389456958,304.8590298922952,118.37069097900361,368.0529192402901
111599,861.4121776968241,0.11592885313114051,1.0,0.0,0.0,0.0,1,0,0,-0.907417893409729,-2.153862237930298,13.101163864135742,-0.012606739066541195,-0.0068685393780469894,0.013754986226558685,5.083085060119629,-0.0006151387964575003,0.0001255295159029086,-0.013060149736702442,0.0,91.27392769447685,-232.39291624618468,-21.37412095090331,250.5878098483776
111606,861.463251195848,0.1032363136930752,1.0,0.0,0.0,0.0,1,0,0,-0.7339117527008057,-7.223664283752441,18.49032211303711,-0.02098393812775612,-0.006425779312849045,0.010698407888412476,5.083653926849365,-0.0006151254951496484,0.00012551686594775946,-0.013199882581830025,0.0,3.397185311851884,-99.26482701818199,105.51770197647866,144.9104281319658
111613,861.5135499946773,0.10844564947126037,1.0,0.0,0.0,0.0,1,0,0,-0.3761007785797119,-1.270222544670105,13.948566436767578,-0.018532445654273033,-0.00444052554666996,0.0110035864636302,5.084199905395508,-0.0006151117824611413,0.00012550503018349054,-0.012937049381434917,0.0,7.113708129199708,118.36150917409823,-90.29550967372862,149.0413726606005
111620,861.5643537975848,0.10730994654947655,0.0,0.0,0.0,0.0,1,0,0,-1.6151161193847656,6.092412948608398,9.123856544494629,-0.016278088092803955,-0.004031723365187645,0.012165375985205173,5.084794044494629,-0.0006150982068995193,0.00012549341725040985,-0.012592620216310024,0.0,-24.38824005088307,144.92292056735738,-94.96749487554283,174.97503890980659
111627,861.6150423958898,0.09332196159172614,0.0,0.0,0.0,0.0,1,0,0,-1.2566343545913696,1.3907065391540527,10.033562660217285,-0.013975638896226883,-0.0026320554316043854,0.01026034727692604,5.085359573364258,-0.0006150847684647824,0.00012548244709960303,-0.012246208265423775,0.0,7.072236691897773,-92.75668625052062,17.946957425199813,94.74129330353095
111634,861.6659936979413,0.05107813561569017,0.0,0.4000000059604645,0.0,0.0,1,0,0,-5.235217094421387,8.775031089782715,12.60244369506836,-0.003280207049101591,0.005055139772593975,0.002095794305205345,5.085718154907227,-0.0006150746210752871,0.00012547433090209203,-0.011914100497961044,0.0,-78.0859875927241,144.92906468137775,50.41835893128503,172.17394159707771
111641,861.7181118950248,0.09006588763360328,0.0,1.0,0.0,0.0,1,0,0,-8.624208450317383,16.58114242553711,21.171321868896484,-0.006333444267511368,0.00948560144752264,0.0011944929137825966,5.085771560668945,-0.0006150681075482462,0.0001254710398568499,-0.01128948200494051,0.0,-65.02510726662594,149.77707926565498,164.41240590314538,231.71723557656892
111647,861.7636927962303,0.08617883955362937,0.0,1.0,0.0,0.0,1,0,0,0.36184531450271606,0.9288307428359985,7.884622573852539,-0.004517794586718082,0.009760365821421146,0.0013932534493505955,5.085820198059082,-0.000615065022193332,0.0001254721368719305,-0.01007560733705759,0.0,197.14515349968494,-343.39627494681474,-291.4970731958485,491.6886788177134
111654,861.8129226975143,0.07191401388189086,0.0,1.0,0.0,0.0,1,0,0,-1.2710633277893066,-0.8656381368637085,12.041086196899414,-0.0028523150831460953,0.008526153862476349,0.0012839861446991563,5.085877418518066,-0.0006150616625846477,0.0001254735338520722,-0.008808440528810024,0.0,-33.16904157237077,-36.450791752525205,84.42965585225512,97.76099593163859
111661,861.8637731969357,0.060465944255624876,0.0,1.0,0.0,0.0,1,0,0,0.6390814185142517,0.3890572786331177,7.3630876541137695,-0.003115258179605007,0.006841681431978941,0.0011557710822671652,5.085926055908203,-0.0006150589200469461,0.00012547480227575913,-0.007826881483197212,0.0,37.56393286279631,24.674200445902247,-91.99513467946005,102.38637616625185
111668,861.9151697978377,0.04747350019321316,0.0,1.0,0.0,0.0,1,0,0,1.4316051006317139,0.8709838390350342,4.237565040588379,-0.002982775680720806,0.005073029547929764,0.0008632814278826118,5.085964202880859,-0.0006150566574533423,0.00012547576216395464,-0.007014426868408918,0.0,15.41976839338768,9.37662319965615,-60.811854454734366,63.433208669890284
111675,861.9668862968683,0.06961342223389186,0.0,1.0,0.0,0.0,1,0,0,1.6261990070343018,1.611175298690796,10.627565383911133,0.011259663850069046,-0.00391075573861599,4.4327192881610245e-05,5.085984706878662,-0.0006150548062403939,0.00012547634495321618,-0.006421966478228569,0.0,3.7627045536761208,14.312481964758327,123.5582543888576,124.44134085251346
111681,862.01145189628,0.09486079918929245,0.0,1.0,0.0,0.0,1,0,0,3.8441762924194336,2.0180716514587402,14.471525192260742,0.019141998142004013,-0.01155172474682331,5.4185042245080695e-05,5.085988998413086,-0.0006150546005500664,0.00012547625067848268,-0.005570258945226669,0.0,49.76881977720113,9.130278917798707,86.25396851137596,100.00022249522128
111688,862.0658103972673,0.08787431308286235,0.0,1.0,0.0,0.0,1,0,0,1.1146243810653687,-0.5771462917327881,12.073027610778809,0.018417904153466225,-0.01247488521039486,4.1424988012295216e-05,5.085993766784668,-0.000615055560438262,0.00012547455373327984,-0.004301376175135374,0.0,-50.2138922482836,-47.7426326343744,-44.12368880522821,82.14434770185767
111694,862.1124947965145,0.07591649479710803,0.0,1.0,0.0,0.0,1,0,0,-0.5198929309844971,-0.16237330436706543,6.400439262390137,0.015269728377461433,-0.01073606126010418,2.6487981813261285e-05,5.085997581481934,-0.0006150561775092448,0.0001254727625133435,-0.003206558059900999,0.0,-35.01206695187295,8.884616575437041,-121.50929303717247,126.76470146822582
111701,862.1665248945355,0.058086496852145515,0.0,0.0,0.0,0.0,1,0,0,-0.1131354421377182,0.10769691318273544,8.682672500610352,0.011701604351401329,-0.008335473015904427,1.4874550288368482e-05,5.085999488830566,-0.0006150567260167851,0.00012547102271598902,-0.0021608732640743256,0.0,7.5283500075912215,4.998514299283336,42.240035125086926,43.19585357885079
111708,862.2156883962452,0.04540218499414806,0.0,0.0,0.0,0.0,1,0,0,-0.6797897815704346,0.0814008116722107,6.723742961883545,0.008950007148087025,-0.0063481517136096954,8.353308658115566e-06,5.086000442504883,-0.0006150570688339978,0.00012546988284875682,-0.0014680862659588456,0.0,-11.525914951678864,-0.534870393606172,-39.84519960140111,41.48219778515582
111715,862.2653039954603,0.03502712573499437,0.0,0.0,0.0,0.0,1,0,0,1.6626251935958862,0.026351571083068848,6.275496482849121,0.006804316304624081,-0.004991102963685989,-6.984218998695724e-07,5.086001396179199,-0.0006150573430877681,0.00012546886296754898,-0.0008775710593909025,0.0,47.211260414581545,-1.109514778821115,-9.0343860827268,48.08070574429648
111722,862.3164295963943,0.026268695805231942,0.0,0.0,0.0,0.0,-1,1,0,2.3973307609558105,0.25542402267456055,7.051344871520996,0.005065123550593853,-0.003391444683074951,-2.1421476503746817e-07,5.086001396179199,-0.0006150581658490785,0.00012546669464867866,-0.0004444503574632108,0.0,14.370600128651251,4.480582084249374,15.17534023068038,21.37476818560132
111729,862.3683434948325,0.016068691465122794,0.0,0.0,0.0,0.0,-1,1,0,-4.73112154006958,0.04438352584838867,7.156523704528809,0.003832162357866764,-0.0023207440972328186,9.690154456620803e-08,5.086001873016357,-0.0006150590571738315,0.000125464517759378,-0.00013397216389421374,0.0,-137.3129839114132,-4.065202251711829,2.0260245555049177,137.3880860755504
111736,862.4185358956456,0.014179880452663085,0.0,0.0,0.0,0.0,-1,1,0,-2.361448287963867,0.06116640567779541,8.612078666687012,0.002887669950723648,-0.0017250650562345982,7.113217748155876e-08,5.086001873016357,-0.0006150590571738315,0.00012546420065345627,8.617401181254536e-05,0.0,47.21179329375912,0.3343709318049909,28.999508662240174,55.40791218394732
111742,862.4622256979346,0.014183637442590505,0.0,0.0,0.0,0.0,-1,1,0,-0.7891730070114136,-0.03849196434020996,8.64186954498291,0.0022549936547875404,-0.0013746237382292747,4.266200903657591e-08,5.086001873016357,-0.0006150587143566187,0.00012546480915400881,0.00023895263439044356,0.0,35.98723726309895,-2.2810441978831317,0.6818725820462876,36.06590299273568
111749,862.5147195979953,0.013392915275371458,0.0,0.0,0.10000000149011612,4.5559704303741455,-1,1,0,-0.8154643774032593,0.05847004055976868,9.154287338256836,0.0015412556240335107,-0.0009731610189191997,-5.656560097122565e-05,5.086000442504883,-0.000615058234412521,0.00012546590616908945,0.00033451078343205154,86.79047327613272,-0.5008462004436236,1.8471099458783709,9.761473098433465,9.947312155557492
111756,862.5668177977204,0.014495324389286525,0.0,0.0,0.10000000149011612,6.786343097686768,-1,1,0,-0.6022777557373047,-0.11040490865707397,9.834859848022461,0.0012623596703633666,-0.0007927219849079847,-0.00011753379658330232,5.085995197296143,-0.0006150578915953083,0.00012546702889546104,0.000383834820240736,42.810935484895104,4.092015132780799,-3.241473795788689,13.063263478508837,14.06771455939573
111763,862.6175462976098,0.0043730722207725795,0.30000001192092896,0.0,0.10000000149011612,6.7865540981292725,-1,1,0,0.2409903109073639,-0.09668736904859543,9.173097610473633,0.0016374908154830337,-0.00010840850882232189,0.001044899458065629,5.085986614227295,-0.0006150572059608829,0.00012546876869281548,0.00044387817615643144,0.0041594063093728815,16.623161900778186,0.2704109058693453,-13.045176557398044,21.13242212930605
111769,862.6616189964116,0.011399685661523749,0.6000000238418579,0.0,0.10000000149011612,6.7864954471588135,-1,1,0,3.6367335319519043,0.29107117652893066,9.33173656463623,0.0023584607988595963,-3.656849730759859e-05,0.0021096544805914164,5.085978984832764,-0.0006150568631436703,0.00012546886296754898,0.000461578369140625,-0.0013307778296673689,77.04867896379538,8.79815750157958,3.59948354595152,77.63287182171082
111776,862.7126157954335,0.024105463440055087,0.9000000953674316,0.0,0.20000000298023224,12.155750751495361,-1,1,0,-4.181181907653809,-0.2531168460845947,10.072490692138672,-0.0018128723604604602,-0.00023386685643345118,-0.003245048923417926,5.085977554321289,-0.0006150568631436703,0.00012546894010142187,0.00047859191545285285,105.28612397857634,-153.30208149416018,-10.671023143613331,14.525502417974733,154.3579902235976
111783,862.7646867968142,0.0910586588133295,1.0,0.0,0.20000000298023224,13.200186252593994,-1,1,0,-13.592605590820312,-0.25878334045410156,9.617659568786621,0.0025234175845980644,0.0008172446396201849,0.0018467577174305916,5.085954666137695,-0.000615055697565147,0.00012547260824559775,0.0004996109055355191,20.05791080265477,-180.74212966179064,-0.1088224581678406,-8.734825743543126,180.95310568701774
111790,862.8161894977093,0.18597035595056785,1.0,0.0,0.20000000298023224,13.194661140441895,-1,1,0,-14.233979225158691,-3.103062629699707,9.935667991638184,-0.002619256731122732,0.0018964755581691861,-0.0013561813393607736,5.085806846618652,-0.0006150515151951521,0.0001254806215979446,0.0005079651018604636,-0.10727810495523701,-12.453203874590592,-55.225827768535765,6.174597008018212,56.94822198869357
111797,862.8677333965898,1.0454671263197386,1.0,0.0,0.20000000298023224,13.143311023712158,-1,1,0,-136.92840576171875,-15.264167785644531,9.633160591125488,-0.0070148371160030365,0.013714810833334923,-0.03194807469844818,5.085164546966553,-0.0006150362941109083,0.0001255077127281782,0.0005232238909229636,-0.9962404444569719,-2380.386994415378,-235.93685033690585,-5.868927401362078,2392.0582946152504
111803,862.9121851958334,1.7650993744262389,1.0,0.0,0.30000001192092896,17.200058460235596,-1,1,0,-147.7806396484375,-18.1878662109375,9.610939979553223,-0.010121332481503487,0.01429658755660057,-0.05547771975398064,5.083710670471191,-0.000614982540371957,0.00012561110639952846,0.0005388641147874296,91.261715060936,-244.13486228590818,-65.77233036766415,-0.4998810385705722,252.84002908243235
111810,862.9647664949298,2.6691669943519227,0.0,0.0,0.30000001192092896,19.105865478515625,-1,1,0,-194.11233520507812,-40.07188415527344,9.431031227111816,-0.008739516139030457,0.013699820265173912,-0.08735071122646332,5.079885005950928,-0.0006148709190875021,0.00012581219440606765,0.0005625152261927724,36.2449587787471,-881.1439875562224,-416.1939381573163,-3.421534947467832,974.4967049029838
111817,863.0155812948942,3.294615381898669,0.0,0.0,0.30000001192092896,19.045072555541992,-1,1,0,-169.21510314941406,-28.242401123046875,9.674104690551758,-0.002799456939101219,0.005845530424267054,-0.10527835786342621,5.07494592666626,-0.0006147222735440762,0.00012606975297796863,0.0005811309674754739,-1.1963625364301322,489.9602492402401,232.79601691844886,4.783517077900551,542.4738826563796
111824,863.0660190954804,3.880045579941775,0.0,0.20000000298023224,0.0,4.2718483209609985,-1,1,0,-247.33786010742188,0.404388427734375,8.84440803527832,0.023939009755849838,0.0019802656024694443,-0.062372494488954544,5.070591926574707,-0.0006145185029928484,0.00012642430310977256,0.0006196975591592491,-292.8998501694401,-1548.893013771619,567.9627029297096,-16.449897609136784,1649.8247783207469
111831,863.1169187948108,1.1679675047081863,0.0,0.800000011920929,0.0,0.0,-1,1,0,211.8618621826172,89.44708251953125,9.28299331665039,0.01709882542490959,-0.06469835340976715,-0.012425973080098629,5.068868637084961,-0.0006143114413963769,0.00012685183045573075,0.0006289291195571423,-83.9267889037511,9021.658837509343,1749.3756399998713,8.616657605887427,9189.707152952356
111838,863.1681553944945,0.021827298691062563,0.0,1.0,0.10000000149011612,1.9977286458015442,-1,1,0,754.0307006835938,32.6365966796875,10.004423141479492,0.003965916112065315,-0.02855062298476696,6.504113116534427e-06,5.068822860717773,-0.0006142193606930447,0.00012706897944868552,0.0006322860717773438,38.990265906242094,10581.670950986352,-1108.7871988087586,14.080361095034652,10639.613123782234
111844,863.2119809947908,0.004424359806430705,0.0,1.0,0.10000000149011612,6.78662896156311,-1,1,0,11.238386154174805,2.4032325744628906,9.342824935913086,-0.0016655802028253675,-0.00457620806992054,1.1358942174410913e-05,5.068823337554932,-0.000614221006215666,0.0001270629544361723,0.000675201416015625,109.27175631112485,-16948.822366566095,-689.8562461403503,-15.096158434659984,16962.862646020258
111851,863.264442294836,0.007559346922555318,0.0,1.0,0.10000000149011612,6.7866668701171875,-1,1,0,-3.6258134841918945,-0.08844685554504395,9.267226219177246,-0.0032155727967619896,0.004952855873852968,-5.182217137189582e-06,5.068823337554932,-0.0006142212119059935,0.00012706212310443149,0.0006822585710324347,0.00072260035577558,-283.336471371186,-47.49557155195682,-1.4410378063568807,287.2933377509498
111858,863.315259296447,0.006554717076202073,0.0,1.0,0.10000000149011612,6.7866199016571045,-1,1,0,-1.4186121225357056,0.11222589015960693,9.866218566894531,-0.00293440418317914,0.006679140962660313,-1.0256399036734365e-05,5.068823337554932,-0.0006142208690887808,0.0001270628258797175,0.0006668090936727822,-0.0009242666547419065,43.43430922100405,3.9489292823847957,11.787243023557144,45.17822880635617
111865,863.3664793968201,0.006013755441496681,0.0,1.0,0.20000000298023224,9.810035228729248,-1,1,0,0.011475786566734314,-0.3376454710960388,9.606197357177734,-0.002417729701846838,0.006139129865914583,-1.456126574339578e-05,5.068822860717773,-0.0006142204577081255,0.00012706367435231898,0.0006557083106599748,59.027907111719436,27.920443315949893,-8.783101906854688,-5.076546274276979,29.70631845483787
111872,863.4176498949528,0.9335565055840627,0.0,1.0,0.20000000298023224,13.200539112091064,-1,1,0,118.1660385131836,295.72833251953125,420.6341552734375,0.0463993102312088,-0.1187940388917923,0.005357703659683466,5.067869663238525,-0.0006142271083620517,0.00012706304871090595,0.002282218774780631,66.2589579364437,2309.0367895226373,5785.872500650846,8032.518207078987,10165.103060776713
111878,863.4616869948804,0.4281037415758032,0.0,1.0,0.20000000298023224,13.204401016235352,-1,1,0,-85.35621643066406,-258.18505859375,-204.11033630371094,-0.06546886265277863,-0.02091582864522934,0.0021610502153635025,5.067458152770996,-0.000614369171814988,0.00012706006620115878,0.026163633912801743,0.08769660469537613,-4621.608945143011,-12578.334904504387,-14186.77643630861,19515.081446550525
111885,863.5119573958218,0.23052874850391,0.0,1.0,0.20000000298023224,13.205009460449219,-1,1,0,-26.966922760009766,-57.58415603637695,-95.62712860107422,-0.0009091501124203205,-0.012389919720590115,-0.0008303219801746309,5.067249774932861,-0.0006143803476561216,0.00012705402404778515,0.034772567451000214,0.01210342870701963,1161.5044355574382,3990.437688995653,2157.9936835824274,4682.907456053154
111892,863.5631322972476,0.07217812403298168,0.0,1.0,0.20000000298023224,13.831654071807861,-1,1,0,-11.141266822814941,-0.8651304244995117,-69.85139465332031,0.003547429107129574,-0.00038086820859462023,-0.0009694080799818039,5.06716775894165,-0.0006143757539054718,0.0001270504501783426,0.03812164068222046,12.245155220606765,309.2464371451504,1108.3367829066244,503.6792105033661,1256.0798264139385
111899,863.6139550954103,1.0525796482355914,0.0,1.0,0.30000001192092896,19.331841468811035,-1,1,0,82.34954071044922,185.99781799316406,262.29547119140625,0.1797238439321518,-0.1293262541294098,0.010458827018737793,5.065267086029053,-0.0006144085272310043,0.00012705174431332136,0.043311651796102524,108.22283691258899,1839.5446711527482,3676.7544325178683,6535.391160113353,7720.996397479668
111906,863.6655283980072,0.4031148288627486,0.0,1.0,0.30000001192092896,19.334463119506836,-1,1,0,-41.57072448730469,-130.88455200195312,-57.529136657714844,0.0036102961748838425,-0.018038544803857803,-0.0023155324161052704,5.064334869384766,-0.0006145003336805615,0.0001270388629565562,0.06588130444288254,0.050833484841885386,-2402.7987148029742,-6144.310215548093,-6201.359845993634,9054.438338640872
111913,863.7154757976532,0.10779137210977138,0.0,1.0,0.30000001192092896,19.335399627685547,-1,1,0,-39.30500793457031,-66.0781021118164,-157.29562377929688,-0.00586680555716157,0.002272622426971793,-0.001218309160321951,5.064173221588135,-0.0006144992366654812,0.00012703187805584732,0.07220741361379623,0.018749888589747958,45.362052254783144,1297.493970644974,-1997.4310540405543,2382.2844362691844
111920,863.7664818949997,0.3795607759047883,0.0,0.0,0.4000000059604645,22.175954818725586,-1,1,0,2.0054149627685547,18.34242057800293,-17.16143226623535,0.17731592059135437,-0.07089335471391678,-0.010750096291303635,5.0638604164123535,-0.0006144950542954864,0.0001270301125472018,0.07427375763654709,55.690502485238476,809.9114624800383,1655.106488862531,2747.4007776161648,3308.1029457042773
111927,863.816813595593,0.64643938259791,0.0,0.0,0.4000000059604645,25.24296760559082,-1,1,0,61.565521240234375,97.10649108886719,428.2112731933594,-0.013642404228448868,0.02458566427230835,-0.012708563357591629,5.06255578994751,-0.0006145091098012066,0.00012702394183737345,0.07894008606672287,60.9360055534778,1183.3517559602076,1564.8998460714392,8848.751387499775,9063.643529196617
111934,863.8666466958821,0.429780689124951,0.10000000149011612,0.0,0.4000000059604645,25.22543430328369,-1,1,0,-1.377899169921875,-258.9478759765625,-366.7151794433594,-0.18915434181690216,0.06878894567489624,-0.08370497077703476,5.058327674865723,-0.0006145128807905466,0.00012700273002233745,0.09976813942193985,-0.3518404876559873,-1263.0845772185646,-7144.937100035576,-15951.775988749621,17524.402015701453
111941,863.9187693968415,1.3974927426865291,0.5,0.0,0.4000000059604645,25.237804412841797,-1,1,0,-109.58251190185547,-69.29057312011719,-268.221923828125,-0.42420241236686707,0.16479171812534332,-0.12693096697330475,5.05283260345459,-0.0006144480197739077,0.00012696242328855226,0.09842044860124588,0.23732671811713058,-2075.959433033336,3638.6698955607662,1889.642205837925,4595.679910801481
111947,863.9621599949896,1.913532933877828,0.7000000476837158,0.0,0.4000000059604645,25.874075889587402,-1,1,0,-45.392730712890625,25.707937240600586,-162.99490356445312,-0.5081668496131897,0.24394887685775757,-0.10516216605901718,5.04823637008667,-0.0006143283080032384,0.00012695781239703855,0.07999290525913239,14.663809762976413,1479.3476911717676,2189.3800596261453,2425.1110783145846,3586.5050368050443
111954,864.0114110969007,0.3772199468788248,1.0,0.0,0.5,30.970921516418457,-1,1,0,71.4325180053711,352.142333984375,242.85702514648438,0.012830361723899841,-0.03385547176003456,-0.05189519003033638,5.043837547302246,-0.0006142408896140035,0.00012698697757140725,0.05242374166846275,103.4869359072282,2372.033196926466,6627.961285682755,8240.463927970155,10837.9729673038
111961,864.0613090954721,0.6768893242997762,1.0,0.0,0.5,30.923389434814453,-1,1,0,-55.202613830566406,-140.87603759765625,284.45611572265625,-0.27841153740882874,0.07728376984596252,-0.09270933270454407,5.039608001708984,-0.0006143774679915362,0.0001270115147134098,0.0613015741109848,-0.9525849325598355,-2537.879984399441,-9880.523982872832,833.6825477408754,10235.263337195982
111968,864.1122904978693,1.2107983288581634,1.0,0.0,0.5,30.90370273590088,-1,1,0,-154.2164764404297,-166.133056640625,-250.87403869628906,-0.4083606004714966,0.20090645551681519,-0.11053561419248581,5.034868240356445,-0.0006142889525872197,0.0001270701964497923,0.056270062923431396,-0.38615451886181407,-1942.1565110846625,-495.41632547122384,-10500.498794611645,10690.08345078431
111975,864.1644690968096,1.7741828944415805,1.0,0.0,0.6000000238418579,32.794002532958984,-1,1,0,-57.87248992919922,15.199378967285156,-66.88699340820312,-0.49185317754745483,0.2736528217792511,-0.10168680548667908,5.029558181762695,-0.0006141811022921067,0.0001271762983771216,0.04227283224463463,36.22749240964215,1846.4272415847802,3475.226228575614,3526.101678167685,5283.926943384365
111982,864.2183418944478,2.6615749519574154,1.0,0.0,0.6000000238418579,36.354095458984375,-1,1,0,-269.821044921875,-92.58079528808594,-208.79022216796875,-0.5300761461257935,0.34184151887893677,-0.1835934966802597,5.0212507247924805,-0.0006140701666420786,0.00012732197855165747,0.02460174448788166,66.08331258264691,-3934.24073529968,-2000.641863436304,-2634.0423178469478,5139.941338306672
111988,864.2621184960008,2.4754053902489064,1.0,0.0,0.6000000238418579,36.27024269104004,-1,1,0,6.651103973388672,112.72992706298828,272.2715759277344,-0.1265694797039032,0.10590871423482895,-0.18274559080600739,5.013312339782715,-0.0006138661218370823,0.00012759954907834862,-0.004914779681712389,-1.9154700221049916,6315.523340951284,4689.964845779049,10989.016530067758,13514.440041039295
111995,864.3132201954722,3.6010392847579373,1.0,0.0,0.6000000238418579,36.0895471572876,-1,1,0,-339.620361328125,-152.427734375,197.99147033691406,0.0023901951499283314,0.012588191777467728,-0.2316683679819107,5.003079414367676,-0.0006136948503576184,0.0001278897181376074,-0.015276031568646431,-3.5359985210141667,-6776.1242558050635,-5188.822762851678,-1453.574075991062,8657.518073258103
112002,864.3648192957044,4.864344945615593,1.0,0.0,0.6000000238418579,36.57408428192139,-1,1,0,-159.42584228515625,-73.39190673828125,120.77198028564453,0.048077963292598724,-0.01654362864792347,-0.30409517884254456,4.989324569702148,-0.0006134391087169468,0.00012827136797007418,-0.016705626621842384,9.39041809748706,3492.2027367210576,1531.7287952923061,-1496.5278406772406,4096.494676502308
112009,864.4159522950649,6.272193543144255,1.0,0.0,0.699999988079071,41.11525535583496,-1,1,0,-255.62008666992188,-117.65890502929688,34.494056701660156,0.02950066328048706,-0.017150074243545532,-0.4365522563457489,4.9702863693237305,-0.0006131458628732064,0.0001287046803564945,-0.015031203627586365,88.81096612173619,-1881.2556585319298,-865.7227004985461,-1687.32373736969,2671.265625430784
112016,864.4673129953444,7.6503723372000785,1.0,0.0,0.699999988079071,40.872575759887695,-1,1,0,-335.3678894042969,-147.43710327148438,10.50710391998291,0.03803067281842232,-0.012423476204276085,-0.5365814566612244,4.944920539855957,-0.0006127092508711171,0.0001293153149461823,-0.012113227508962154,-4.725005590397876,-1552.700845207232,-579.785674263636,-467.0293171852131,1721.960430991107
112022,864.5115512944758,8.815945012723777,1.0,0.0,0.699999988079071,40.662628173828125,-1,1,0,-130.01661682128906,-15.478736877441406,-1.5949375629425049,0.04086596518754959,-0.007810273673385382,-0.6200770735740662,4.918987274169922,-0.000612142094074433,0.00013011732724485872,-0.008954505436122417,-4.745833139651211,4641.934175025313,2982.89873220735,-273.56480064888564,5524.497753825792
112029,864.5652187950909,10.171643489199708,1.0,0.0,0.699999988079071,40.420589447021484,-1,1,0,-343.10546875,-90.86021423339844,-1.2043497562408447,0.04251589626073837,-0.00431379210203886,-0.7192369103431702,4.882626533508301,-0.0006115230347517453,0.0001310419052675056,-0.006370849441736937,-4.509968305444994,-3970.5380255527807,-1404.601974974768,7.277920570640819,4211.666165378189
112036,864.6170345954597,11.469874521151214,1.0,0.0,0.699999988079071,40.18601989746094,-1,1,0,-644.3551635742188,-194.23797607421875,-2.1198863983154297,0.04159500077366829,-0.0009771164041012526,-0.8061372637748718,4.842816352844238,-0.0006109011643279119,0.00013203364975255112,-0.004517669789493084,-4.526988831419324,-5813.857793957639,-1995.101129482807,-17.669063018586694,6146.680662033249
112042,864.6629016958177,12.607206495519025,1.0,0.0,0.699999988079071,39.98316955566406,-1,1,0,114.46345520019531,171.5651397705078,-0.6101200580596924,0.04223758354783058,0.0004187102895230055,-0.8840097188949585,4.803728103637695,-0.0006101641073206098,0.00013330557017510584,-0.0029647445771843195,-4.422567378656042,16543.854153664823,7975.283220205783,32.916106064509506,18365.874228314515
112049,864.7153892964125,13.900587473184995,1.0,0.0,0.699999988079071,39.753435134887695,-1,1,0,-522.9533081054688,-108.701416015625,0.8897933959960938,0.04290005937218666,0.0013864513020962477,-0.9710782766342163,4.754706382751465,-0.000609393042845804,0.00013477314495137955,-0.0018530272645875812,-4.376927468071511,-12144.139874614722,-5339.67170551359,28.57652925757014,13266.236988494291
112055,864.761457297951,15.028094092084286,0.0,0.0,0.0,30.19293212890625,-1,1,0,-123.2962417602539,144.74697875976562,3.9510672092437744,0.07816066592931747,0.0038104038685560226,-0.9536092281341553,4.709451675415039,-0.000608723726519724,0.00013619038559040017,-0.0011815642938017845,-207.53023110821076,8675.372340844482,5501.6147067611655,66.45119629702857,10272.987170021655
112062,864.813110396266,15.893943429152868,0.0,0.0,0.0,16.023057460784912,-1,1,0,-956.020263671875,96.99520874023438,0.7057714462280273,0.13712942600250244,-0.0022738585248589516,-0.7056481838226318,4.666862964630127,-0.0006080224596294103,0.00013804150426424724,-0.0006566619849763811,-274.3276808238679,-16121.472846282106,-924.4705850619555,-62.82867570159452,16148.079763196194
112069,864.8670834973454,15.981619073010801,0.0,0.0,0.0,0.5608047246932983,-1,1,0,112.79376220703125,645.5725708007812,8.100847244262695,0.14945387840270996,-0.01816633716225624,-0.3311159908771515,4.640008926391602,-0.0006075687753300924,0.00014005895784970378,-0.00012973784760106355,-286.48071774357976,19802.716621846575,10163.902964420793,137.01409869236502,22259.18421547746
112075,864.9141631945968,15.705012470861684,0.0,0.0,0.0,0.0,-1,1,0,485.8302001953125,481.1618957519531,5.946440696716309,0.07882377505302429,-0.029233425855636597,-0.09398505836725235,4.631776332855225,-0.0006074187585177733,0.00014192049816683032,0.0006350326584652066,-11.911816715804733,7923.509703066817,-3492.17783137335,-45.760841155068974,8659.064965405485
112082,864.9657150954008,15.271298206799825,0.0,0.0,0.0,0.0,-1,1,0,-574.9055786132812,155.41282653808594,3.9138717651367188,-0.008153471164405346,-0.03285232186317444,-0.017918448895215988,4.629619121551514,-0.0006074563998476718,0.00014396559139007325,0.0015415572561323643,0.0,-20576.07502855469,-6318.856611167307,-39.42762342179614,21524.506196210248
112088,865.0119289979339,14.773922903054045,0.0,0.0,0.0,0.0,-1,1,0,499.2253112792969,90.70840454101562,2.19031023979187,-0.04455992579460144,-0.0312288086861372,-0.0038270659279078245,4.629225254058838,-0.0006075581479963503,0.00014568778508067265,0.0020296096336096525,0.0,23242.5921858538,-1400.1072934879428,-37.295303596403194,23284.75430170695
112095,865.0644671954215,14.14317612401787,0.0,0.0,0.0,0.0,-1,1,0,-856.998779296875,26.290618896484375,2.8450429439544678,-0.0539393275976181,-0.026365868747234344,-0.0006792889907956123,4.629119873046875,-0.0006077035024944753,0.0001476413289672658,0.0021953200921416283,0.0,-25814.05825535706,-1226.1133560918988,12.462032111345614,25843.163755144207
112101,865.1115760952234,13.5616425718789,0.0,0.0,0.0,0.0,-1,1,0,1009.4820556640625,16.595504760742188,6.768080234527588,-0.05058808997273445,-0.02145707979798317,-9.397340181749314e-05,4.629094123840332,-0.000607834732923446,0.0001492677395286366,0.0020867919083684683,0.0,39620.55668476689,-205.80217700895776,83.27592677953191,39621.178698101205
112108,865.1670375950634,9.220578492580028,0.0,0.0,0.0,0.0,1,0,0,69.6795883178711,4.440577507019043,8.098464965820312,-0.041371941566467285,-0.07097310572862625,-0.0037524497602134943,4.628986835479736,-0.0006079822128882934,0.00015103972741938216,0.001831703120842576,0.0,-16945.132570468784,-219.15972861866464,23.98753613101383,16946.566738407513
112114,865.2141003981233,6.395293098606431,0.0,0.0,0.0,0.0,1,0,0,1547.3035888671875,-0.133026123046875,2.5902862548828125,-0.033973272889852524,-0.055517129600048065,-0.006071269977837801,4.628574371337891,-0.0006080763504948649,0.00015215844282959908,0.0016081237699836493,0.0,31396.85493597291,-97.18085903750597,-117.03890021035635,31397.223477467753
112121,865.268467694521,4.248301226065972,0.10000000149011612,0.0,0.0,0.0,1,0,0,212.54928588867188,1.2823410034179688,7.8601274490356445,-0.02487969398498535,-0.024817392230033875,2.4132546968758106e-05,4.628503799438477,-0.0006081408001308277,0.00015292973013560107,0.0013995361514389515,0.0,-24550.68380106769,26.03342855439626,96.93035231336478,24550.888951983172
112127,865.3154822960496,3.338618102474879,0.4000000059604645,0.0,0.0,0.0,1,0,0,515.9747314453125,-0.4647216796875,6.580970764160156,-0.019385037943720818,0.002090287394821644,0.008416473865509033,4.628720760345459,-0.0006081927026568107,0.00015353963623872269,0.0011957931565120816,0.0,6453.855519157655,-37.16000192070195,-27.20764705612015,6454.019846883243
112133,865.3621881976724,2.6874920937789466,0.7000000476837158,0.0,0.0,0.0,1,0,0,126.46255493164062,-1.2511577606201172,9.29586124420166,-0.014980925247073174,0.01341567374765873,0.005884464830160141,4.628666877746582,-0.0006082265729974123,0.00015394512043790897,0.0010339736472815275,0.0,-8339.677920354265,-16.838045163636828,58.1273540540713,8339.897488836341
112140,865.4149109944701,2.1857801631057625,1.0,0.0,0.0,0.0,1,0,0,-30.334592819213867,-0.7703249454498291,10.149234771728516,-0.011365074664354324,0.019656814634799957,-0.010013033635914326,4.628512382507324,-0.000608256740912118,0.00015431383749103268,0.0008987045148387551,0.0,-2973.9914662026977,9.120017229260236,16.18604435573561,2974.049495854536
112147,865.4678968973458,1.5781227286058426,1.0,0.0,0.0,0.0,1,0,0,171.43563842773438,-0.1729869842529297,9.480947494506836,-0.007888732478022575,0.015546649694442749,0.005361896939575672,4.628416538238525,-0.000608276967127659,0.0001545649510993383,0.0008088683825917542,0.0,3807.9983598737144,11.273526141446128,-12.612548639397552,3808.03593438609
112153,865.5136405974627,1.1865829951292335,1.0,0.0,0.0,0.0,1,0,0,182.9342041015625,0.49706077575683594,9.457870483398438,-0.005951711907982826,0.013393424451351166,0.0058702887035906315,4.6282758712768555,-0.0006082952735668098,0.0001547927188554588,0.0007353210239671171,0.0,251.36938298497682,14.6478697240894,-0.50448501213146,251.79630913662996
112160,865.5677437968552,0.8194769527150446,1.0,0.0,0.0,0.0,1,0,0,88.89324951171875,0.04897785186767578,9.71972942352295,-0.0047544254921376705,0.013098214752972126,-0.009109231643378735,4.628093719482422,-0.0006083072036058071,0.0001549420500333126,0.0006849289056845009,0.0,-1738.1773286180328,-8.282004186813431,4.839989927851384,1738.2037978377487
112166,865.6142646968365,0.11420160111624879,1.0,0.0,0.0,0.0,1,0,0,194.3242950439453,0.7782840728759766,9.4446382522583,-0.003283567726612091,0.007898951880633831,-0.00925877969712019,4.6280341148376465,-0.000608316185416776,0.00015505749372969065,0.0006495284615084529,0.0,2266.3156898232114,15.67695855630657,-5.913281371930929,2266.377625168634
112173,865.667910695076,0.8234975315429008,1.0,0.0,0.0,0.0,1,0,0,161.7762451171875,0.20627403259277344,9.3984375,-0.0027300401125103235,-0.00026022104430012405,0.00020646394114010036,4.62794828414917,-0.0006083162539802185,0.0001550600991405072,0.0006333923083730042,0.0,-606.7190656316646,-10.662678653667848,-0.861215258816229,606.8133642305133
112179,865.7147614955902,1.489160558266806,1.0,0.0,0.0,0.0,1,0,0,171.35568237304688,-0.07390022277832031,9.177769660949707,-0.001965457107871771,0.0005483129061758518,0.006349560339003801,4.627749443054199,-0.0006083083006208868,0.00015496974966409905,0.0006178665207698941,0.0,204.46688531931514,-5.980138061590838,-4.710012137003102,204.60853710866604
112185,865.7620524950325,2.3343089931841168,1.0,0.0,0.0,0.0,1,0,0,135.96566772460938,-0.00476837158203125,9.309228897094727,-0.0016851804684847593,-0.0032492666505277157,-0.00879804790019989,4.627591133117676,-0.0006082935594807462,0.00015480050080618712,0.0006133270217105746,0.0,-748.3456696995356,1.4618395045886114,2.779793992412983,748.352260361004
112192,865.8133753947914,3.236146541507236,1.0,0.0,0.0,0.0,1,0,0,302.7891845703125,-0.00032806396484375,9.085285186767578,-0.0012897539418190718,-0.004253922030329704,-0.0046110739931464195,4.627471923828125,-0.0006082679167532461,0.0001545010671117508,0.0006216812180355191,0.0,3250.4694323521294,0.08651708375898588,-4.363426684375555,3250.4723622318666
112199,865.867049396038,4.209674980169463,1.0,0.0,0.0,0.0,1,0,0,293.3125305175781,0.16541671752929688,8.167936325073242,-0.0003587151877582073,-0.004810793790966272,0.008581793867051601,4.627714157104492,-0.0006082324694534664,0.0001540860011714695,0.0006322860717773438,0.0,-176.55948564704136,3.0879900444232216,-17.091121220460433,177.41165147485307
112205,865.9140326976776,5.114144896283403,1.0,0.0,0.0,0.0,1,0,0,113.57958984375,0.7994651794433594,9.34841537475586,-0.000789078650996089,-0.003589811036363244,-0.003411629470065236,4.6277756690979,-0.0006081916742051709,0.00015360478864999693,0.0006235122564248741,0.0,-3825.464247972405,13.495187434427447,25.125502220744966,3825.5705618196107
112212,865.9680043980479,6.3927696193342864,1.0,0.0,0.0,0.0,1,0,0,374.1722106933594,-0.14970779418945312,8.269560813903809,-0.000749882310628891,-0.006527877878397703,-0.0083078071475029,4.627799034118652,-0.0006081425142168885,0.00015302515330675704,0.0006283569382503629,0.0,4828.319639026118,-17.586493794346435,-19.989263881808277,4828.393044485901
112218,866.0137078948319,7.42442159919151,1.0,0.0,0.0,0.0,1,0,0,12.896584510803223,-0.27420854568481445,9.752077102661133,-0.0006043218309059739,-0.00546564906835556,-0.007298192009329796,4.627763748168945,-0.0006080723738151967,0.00015219651268106967,0.0006401824648492038,0.0,-7904.769910499616,-2.7240968472028104,32.43769936827334,7904.83693462326
112225,866.0652691945434,8.914237239863079,1.0,0.0,0.0,0.0,1,0,0,462.5036315917969,-0.04544830322265625,7.541039943695068,-0.000324443681165576,-0.009428567253053188,4.0508966776542366e-05,4.627795696258545,-0.0006079890006690996,0.0001512129872386825,0.0006509780650958419,0.0,8719.854805774286,4.436665556188222,-42.88171887324224,8719.961373744707
112232,866.1173931956291,10.31640137129976,1.0,0.0,0.0,0.0,1,0,0,355.8696594238281,-0.09570693969726562,7.635948181152344,-0.00023361097555607557,-0.006980602163821459,-8.395205441047437e-06,4.627795219421387,-0.0006079059017767723,0.00015023336991252026,0.0006616973550990224,0.0,-2045.7748819498097,-0.964212942746283,1.8208164277551417,2045.7759194730543
112238,866.1644703969359,11.52489551170164,1.0,0.0,0.0,0.0,1,0,0,104.82429504394531,0.29363441467285156,8.837963104248047,-0.00017224566545337439,-0.00441020168364048,-1.1445141353760846e-05,4.627795219421387,-0.000607794280492359,0.00014891602620926265,0.0006692504975944757,0.0,-5332.631452403581,8.270274008699719,25.532845830441737,5332.698991206264
112245,866.2173027954996,12.865189079038736,1.0,0.0,0.0,0.0,1,0,0,895.7953491210938,-0.315277099609375,4.715307712554932,-0.00013651850167661905,-0.0026198423001915216,-1.2960551430296618e-05,4.62779426574707,-0.0006076809451218823,0.00014758001610877324,0.0006609344272874296,0.0,14971.325845155816,-11.525342987200263,-78.0327129522315,14971.533638864528
112251,866.2634410969913,14.042663104466035,1.0,0.0,0.0,0.0,1,0,0,-201.49795532226562,0.0094146728515625,10.845315933227539,-9.316045907326043e-05,-0.0019293531076982617,-1.4304975593404379e-05,4.62779426574707,-0.0006075395673034168,0.00014591263889048416,0.0006688690045848489,0.0,-23782.69829980341,7.037358592818694,132.8615927001646,23783.070452460568
112258,866.3167605958879,15.416402345783604,1.0,0.0,0.0,0.0,1,0,0,999.48583984375,0.12860107421875,3.6525731086730957,-7.685206946916878e-05,-0.001567613217048347,-1.585770951351151e-05,4.627793312072754,-0.0006074025089818292,0.0001442963242960273,0.0006650543073192239,0.0,22524.28886278646,2.2353248592662647,-134.898920158705,22524.692927753385
112264,866.3630808964372,16.61848582485847,1.0,0.0,0.0,0.0,1,0,0,-376.924560546875,0.06572723388671875,12.036134719848633,-9.212226723320782e-05,-0.0013836672296747565,-1.7228792785317637e-05,4.627791881561279,-0.0006072330887153738,0.00014229815417876967,0.0006730270106345415,0.0,-29715.057632810524,-1.357371165265979,180.9910883945655,29715.608856925443
112271,866.4170488975942,18.02741520927289,1.0,0.0,0.0,0.0,1,0,0,100.20084381103516,-0.018463134765625,9.148444175720215,-6.0218386352062225e-05,-0.001236196607351303,-1.8737966456683353e-05,4.627790927886963,-0.0006070437164871453,0.00014006510284822788,0.0006721115205436945,0.0,8840.894495415694,-1.5600053151376154,-53.507457793838235,8841.056552286478
112277,866.4625621959567,19.222738071700107,1.0,0.0,0.0,0.0,1,0,0,277.79052734375,-0.053615570068359375,10.2781982421875,-3.878060670103878e-05,-0.001153759192675352,-1.820710713218432e-05,4.627790451049805,-0.0006068684683280744,0.0001379987892395149,0.0007250213529914618,0.0,3901.929544158516,-0.7723552580777733,24.822504786827096,3902.008575189657
112284,866.5169287957251,20.641804199495326,1.0,0.0,0.0,0.0,1,0,0,656.2137451171875,-0.073944091796875,4.023736953735352,-8.890805474948138e-06,-0.0005582858575507998,-4.3253032345091924e-05,4.627788543701172,-0.0006066509850884123,0.00013543420795299725,0.0008356093894690275,0.0,6960.582772980233,-0.373915635980812,-115.04234796908274,6961.533410186891
112290,866.5655235946178,21.192415048649465,1.0,0.0,0.0,0.0,1,0,0,-203.84078979492188,0.13091659545898438,10.222065925598145,-2.3301690816879272e-05,0.014812663197517395,-1.4848146747681312e-05,4.627788543701172,-0.0006064472831006951,0.00013303123070054822,0.0008602523594163358,0.0,-17698.489437326665,4.215691636219125,127.55128353436339,17698.949558240758
112296,866.6123792976141,21.92410581609473,1.0,0.0,0.0,0.0,1,0,0,121.424560546875,0.01617431640625,8.841781616210938,-1.3343524187803268e-05,0.010710811242461205,-1.1176026418979745e-05,4.6277875900268555,-0.0006062324052718463,0.00013049833429491458,0.0008470153552480042,0.0,6941.851888718888,-2.4488434003841073,-29.458192303668103,6941.914824228096
112303,866.6672093980014,22.480235731190675,1.0,0.0,0.0,0.0,0,0,0,1420.9940185546875,-0.0063018798828125,2.440654754638672,-1.1366326361894608e-05,0.015943456441164017,-9.940321433532517e-06,4.627786636352539,-0.0006059787890979737,0.00012750807687538206,0.0008220672607421875,0.0,23701.75230078549,-0.40992440521327705,-116.7447591077338,23702.039820121125
112309,866.7149338945746,22.500038306937775,1.0,0.0,0.0,0.0,0,0,0,-780.3550415039062,-0.1058502197265625,12.962791442871094,-1.840922050178051e-05,0.018940838053822517,-3.5345685773791047e-06,4.627786636352539,-0.0006057522554838942,0.00012483651947763983,0.0007947158883325756,0.0,-46126.1871391709,-2.0858960699782774,220.4766407979051,46126.71410688078
112315,866.7630642950535,23.177302109105383,1.0,0.0,0.0,0.0,2,0,0,-171.9755096435547,0.1854267120361328,10.562151908874512,-2.770102582871914e-06,-0.0018985139904543757,-8.867830729286652e-06,4.627786636352539,-0.0006055291500419393,0.0001222063229766103,0.0007646179292351007,0.0,12640.23415154878,6.051828550455398,-49.877821711705955,12640.334007758956
112322,866.8179767951369,25.78580833915411,1.0,0.0,0.0,0.0,2,0,0,568.5195922851562,-0.04167938232421875,7.700118064880371,-3.6461278796195984e-07,-0.02972858026623726,-4.0021255699684843e-05,4.627784729003906,-0.0006052539363836686,0.00011896078671963756,0.0007532119634561241,0.0,13485.000697535803,-4.135781361533987,-52.11989692046287,13485.102053780816
112328,866.8631195947528,27.59586762595615,1.0,0.0,0.0,0.0,2,0,0,-25.624858856201172,-0.33160829544067383,10.028002738952637,-1.3239216059446335e-05,-0.02422097884118557,-4.268275006324984e-05,4.627782821655273,-0.000605002102859295,0.00011599067838178157,0.0007688522455282509,0.0,-13161.444487209365,-6.42248410784418,51.56713127854861,13161.54707499176
112335,866.9173147976398,29.516205724704893,1.0,0.0,0.0,0.0,2,0,0,1188.6268310546875,0.04559326171875,1.5130815505981445,2.6521505787968636e-05,-0.014236821793019772,-4.2526859033387154e-05,4.627779960632324,-0.0006046928817335301,0.00011234536583221382,0.0007851791451685131,0.0,22405.150737074746,6.960054341811479,-157.115772886752,22405.7026972931
112341,866.964029096067,31.016730839362733,1.0,0.0,0.0,0.0,2,0,0,-618.4678344726562,-0.194610595703125,14.254255294799805,-2.759345807135105e-05,-0.007123531308025122,-3.989599281339906e-05,4.62777853012085,-0.0006044024469910138,0.00010892055331385733,0.0007928847917355597,0.0,-38683.97313827187,-5.141977199908069,272.7467643356252,38684.934987665736
112348,867.0177504979074,32.6221914692558,1.0,0.0,0.0,0.0,2,0,0,2689.62353515625,0.186676025390625,-10.667134284973145,-1.107805292122066e-05,-0.0017398708732798696,-3.826940883300267e-05,4.627776145935059,-0.000604098848067531,0.00010534131878203826,0.0007954788161441684,0.0,61578.64940780733,7.097480855510148,-463.9005820024771,61580.39718135851
112354,867.064822897315,33.52608615678661,1.0,0.0,0.0,0.0,0,0,0,-1017.3859252929688,0.08880615234375,17.367610931396484,2.730637788772583e-06,0.014048898592591286,-2.908328315243125e-05,4.627774715423584,-0.0006037347761877416,0.00010104799599615653,0.0007948303245939314,0.0,-78751.23229534642,-2.0791349979712566,595.5665224031115,78753.48431555915
112360,867.1127537973225,33.48557417436675,1.0,0.0,0.0,0.0,0,0,0,-226.16355895996094,-0.24050521850585938,10.928318977355957,-1.0821036994457245e-05,0.03225736692547798,-1.2780843462678604e-05,4.627773761749268,-0.0006033948386397165,9.703962287747451e-05,0.0007856368902139366,0.0,16507.563309043362,-6.870544279330748,-134.34531696744213,16508.11140835451
112367,867.1677300967276,33.91464581574303,1.0,0.0,0.0,0.0,3,0,0,1109.7421875,0.0265045166015625,4.20961332321167,4.179775714874268e-06,0.01687079481780529,-7.135678060876671e-06,4.627773761749268,-0.0006030534612593954,9.301479453258266e-05,0.0007604980492033064,0.0,24299.666600260152,4.856815354921143,-122.21094775108236,24299.97440303599
112373,867.2122962959111,35.55287100965814,1.0,0.0,0.0,0.0,3,0,0,-784.146484375,-0.198760986328125,14.332162857055664,-4.943576641380787e-06,-0.009554342366755009,-3.140439366688952e-05,4.627772331237793,-0.0006026740311684709,8.854108989980648e-05,0.0007407760713249445,0.0,-42496.077892541325,-5.054626758776202,227.13513199034233,42496.68519033426
112380,867.2674358971417,37.26981921913113,1.0,0.0,0.0,0.0,3,0,0,1249.5069580078125,0.002685546875,2.8401999473571777,-3.6972342059016228e-06,-0.010983294807374477,-3.894190740538761e-05,4.62777042388916,-0.0006022665586295497,8.37382636019738e-05,0.0007498931954614818,0.0,36881.90333254422,3.65339118722631,-208.41577837375647,36882.492376669434
112386,867.3150598965585,38.57394304187343,1.0,0.0,0.0,0.0,3,0,0,-977.0631103515625,-0.1884307861328125,15.693012237548828,1.832074485719204e-05,-0.006323827896267176,-3.90600944228936e-05,4.627768516540527,-0.0006018938477559845,7.93442211189999e-05,0.000759124755859375,0.0,-46753.10968470671,-4.013025687638503,269.8809937757989,46753.888790617115
112392,867.361226297915,39.73105593421282,1.0,0.0,0.0,0.0,3,0,0,-297.93353271484375,-0.0677490234375,11.611068725585938,1.5294819604605436e-05,-0.0022929292172193527,-3.745278809219599e-05,4.6277666091918945,-0.0006015162688779964,7.489264533730412e-05,0.0007641601259820163,0.0,14710.47250126869,2.6140604238027567,-88.41805711572596,14710.73845178135
112399,867.4140460975468,40.966686016780436,1.0,0.0,0.0,0.0,3,0,0,1172.771240234375,-0.076568603515625,2.377593517303467,-1.0348550858907402e-05,0.0007751322700642049,-3.636937981355004e-05,4.627764701843262,-0.0006010756801963228,6.969892171268612e-05,0.0007658386020921171,0.0,27843.815826647664,-0.16697488706128139,-174.8108715413895,27844.36457628302
112406,867.4673709981143,42.15010727399789,1.0,0.0,0.0,0.0,3,0,0,1363.885498046875,-0.0002288818359375,1.321096420288086,-3.7852732930332422e-06,0.002325779991224408,-3.458874562056735e-05,4.627762794494629,-0.0006006133569033629,6.424822230542548e-05,0.0007646179292351007,0.0,3583.9590093650445,1.4315961373994415,-19.8124532023724,3584.014057391275
112412,867.5142065957189,43.15450016396319,1.0,0.0,0.0,0.0,3,0,0,-925.9142456054688,-0.2723236083984375,15.42371940612793,1.577328657731414e-05,0.002828510943800211,-3.386885146028362e-05,4.627760887145996,-0.0006002035532073739,5.941696360501518e-05,0.0007626342703588307,0.0,-48890.1575034391,-5.8095709349138405,301.10906462482905,48891.085088500506
112418,867.5615308955312,44.14709534109749,1.0,0.0,0.0,0.0,3,0,0,-18.138565063476562,0.1423170566558838,9.91887092590332,-1.1299183825030923e-05,0.0029242008458822966,-3.3641696063568816e-05,4.6277594566345215,-0.0005997779113561567,5.439865526292359e-05,0.0007601165561936796,0.0,19182.02031814804,8.761686209806415,-116.3218156857312,19182.37500983113
112425,867.6163658946753,44.93001181244054,1.0,0.0,0.0,0.0,0,0,0,1017.242919921875,-0.095550537109375,4.018157005310059,6.658025085926056e-06,0.011908264830708504,-2.6305255232728086e-05,4.627757549285889,-0.0005992579262080136,4.82685864148183e-05,0.0007569122244603932,0.0,18881.763493146376,-4.337879045831092,-107.60853492655876,18882.070623347932
112431,867.6609717980027,44.88759544534795,1.0,0.0,0.0,0.0,0,0,0,-380.66033935546875,-0.02205657958984375,11.427200317382812,1.7999205738306046e-05,0.020915430039167404,-1.3375854905461892e-05,4.6277570724487305,-0.0005988226169113891,4.31384039605768e-05,0.0007481002830900252,0.0,-31338.974328463315,1.6476284984072733,166.10006208552235,31339.41454311786
112438,867.713895495981,45.09924709713983,1.0,0.0,0.0,0.0,4,0,0,540.2891845703125,-0.09165191650390625,7.782102584838867,-4.255445674061775e-06,0.013212865218520164,-1.0218642273684964e-05,4.627756595611572,-0.0005983280002369699,3.730759311308738e-05,0.0007284545572474599,0.0,17401.458308981382,-1.3150127366884554,-68.87458495514443,17401.59466017205
112445,867.7685974948108,46.350643204457384,1.0,0.0,0.0,0.0,4,0,0,468.4179992675781,0.15436553955078125,8.379478454589844,1.0285584721714258e-05,-0.005175014492124319,-2.4880140699679032e-05,4.627755165100098,-0.0005978967361834444,3.2224415183923796e-05,0.0007172775221988559,0.0,-1313.8676253184087,4.497412550132948,10.920549203498021,1313.9207061213347
112451,867.8142288960516,47.29964787849946,1.0,0.0,0.0,0.0,4,0,0,-1559.2823486328125,-0.137176513671875,16.127883911132812,3.1055184081196785e-05,-0.00636470690369606,-2.9547603844548576e-05,4.627754211425781,-0.0005973672207167641,2.5982947882552942e-05,0.0007210922194644809,0.0,-44436.51285655109,-6.389066416873879,169.80424106745596,44436.83774922429
112458,867.8670679964125,48.325333848340705,1.0,0.0,0.0,0.0,4,0,0,2616.190185546875,-0.039886474609375,-1.391622543334961,-3.3397984225302935e-05,-0.004243928473442793,-3.126642695860937e-05,4.627752304077148,-0.000596912713656209,2.0624654854980715e-05,0.0007262420258484781,0.0,79022.40018590108,1.8412508615409258,-331.5632994281963,79023.09579327067
112464,867.9130410961807,49.17461757846732,1.0,0.0,0.0,0.0,4,0,0,-1140.4239501953125,-0.0125885009765625,14.809526443481445,5.002599209547043e-06,-0.002384907566010952,-3.177530015818775e-05,4.627751350402832,-0.0005963700340085488,1.4228491286379046e-05,0.0007304763421416283,0.0,-81713.3096242467,0.5937814454642767,352.4049730933383,81714.06953129703
112471,867.9657394960523,50.11551029172862,1.0,0.0,0.0,0.0,4,0,0,1384.7493896484375,-0.0582275390625,3.5467867851257324,-2.96233338303864e-06,-0.0009088549413718283,-3.161917993566021e-05,4.627749443054199,-0.0005958148072508973,7.68378984038103e-06,0.0007326888735406101,0.0,47917.457569811195,-0.8660421985705055,-213.7207142114385,47917.93419220374
112477,868.0109873972833,50.90453209183753,1.0,0.0,0.0,0.0,4,0,0,-985.57275390625,0.03515625,14.25590705871582,2.1614887373289093e-06,-0.0001241334102815017,-3.136405211989768e-05,4.627748012542725,-0.0005953402796651034,2.090339203149801e-06,0.0007336425478570163,0.0,-52385.23951533248,2.0638258686442055,236.67661885367542,52385.77420598116
112484,868.0651286952198,51.832524751806176,1.0,0.0,0.10000000149011612,1.6562435626983643,4,0,0,804.0675659179688,1.4437713623046875,6.165061950683594,0.005803076084703207,0.00040863663889467716,0.00870056077837944,4.627816200256348,-0.0005947596844336983,-4.754433898688529e-06,0.0007334136753343046,30.591131462026482,33054.994764351795,26.01738720705154,-149.43943747951278,33055.34280447316
112491,868.1181866973639,52.71823194414446,1.0,0.0,0.0,0.0,4,0,0,614.5836791992188,65.76200866699219,7.731827735900879,0.002176347654312849,0.0006396665121428668,0.05608382821083069,4.630781173706055,-0.0005942794660821612,-1.0497667268318585e-05,0.0007349777151830494,-31.215716683041194,-3571.2593588453947,1212.2250123554966,29.529302308861222,3771.5056500575406
112497,868.1641008965671,53.49246769532822,1.0,0.0,0.0,0.0,4,0,0,-2314.57080078125,-7.489501953125,20.01629638671875,-0.0038142139092087746,0.0005805259570479393,0.032883770763874054,4.632688999176025,-0.0005937269818621804,-1.7490496696498046e-05,0.0007948303245939314,0.0,-63796.266314342094,-1595.3999392616583,267.55271493328314,63816.77272529475
112503,868.2110439948738,54.28054545161123,1.0,0.0,0.0,0.0,4,0,0,1499.0477294921875,-0.6716156005859375,2.6354379653930664,-0.0016066341195255518,0.0005190947558730841,0.019038381054997444,4.633824825286865,-0.0005932272914929474,-2.3729473216548875e-05,0.0008213042747229338,0.0,81239.17397528741,145.23724676205237,-370.25375504158654,81240.14752502598
112510,868.2636735960841,55.161374120168276,1.0,0.0,0.0,0.0,4,0,0,3117.457275390625,3.08856201171875,-4.143901824951172,-0.0005704947398044169,0.00044874841114506125,0.010318050161004066,4.634541034698486,-0.0005926526612810093,-3.0935043222586996e-05,0.0008195876725949347,0.0,30750.93690012586,71.44605936259326,-128.81229639661964,30751.28968649321
112517,868.3153379969299,56.024347308638866,1.0,0.0,0.0,0.0,4,0,0,-1819.6026611328125,11.46630859375,17.766357421875,-0.0005204314365983009,0.000377282383851707,0.0056402417831122875,4.63492488861084,-0.0005920875613875748,-3.8074865172441876e-05,0.0008116530952975154,0.0,-95560.18952512507,162.15704517780762,424.08813202411756,95561.26813583444
112523,868.3635324947536,56.82851493546113,1.0,0.0,0.0,0.0,4,0,0,-764.4443359375,6.535484313964844,13.160599708557129,-0.0007473829900845885,0.0003028147912118584,0.003184135304763913,4.635122299194336,-0.0005915793005879998,-4.4536301138329816e-05,0.0008049773750826716,0.0,21893.750798168865,-102.31093802078857,-95.56604843492119,21894.19841898698
112530,868.4186655953526,57.44939544094548,1.0,0.0,0.0,0.0,0,0,0,750.619384765625,3.8608474731445312,6.5949296951293945,-0.0010101043153554201,0.008382224477827549,0.001628511818125844,4.635244846343994,-0.0005910524590954875,-5.1268511279669424e-05,0.0007985305855982006,0.0,27480.110935919623,-48.51236030186871,-119.08762507619254,27480.411793894167
112536,868.4651901945472,57.42146461451576,1.0,0.0,0.0,0.0,0,0,0,-1460.9674072265625,4.0621185302734375,14.91749382019043,-0.0011245363857597113,0.016147835180163383,0.0009336281218566,4.6352996826171875,-0.0005904491693645278,-5.900922966776651e-05,0.0007859038887545466,0.0,-47535.85909993969,4.326121247973793,178.8852406930597,47536.195882863634
112542,868.5121730975807,57.58681555683643,1.0,0.0,0.0,0.0,5,0,0,155.16795349121094,1.9521827697753906,9.350815773010254,-0.0012071884702891111,0.009886848740279675,0.0005474028293974698,4.635333061218262,-0.0005899182140654449,-6.584306797180749e-05,0.0007658004760742188,0.0,34398.37167076717,-44.90858640628988,-118.48305846940943,34398.60503881683
112549,868.5658641979098,58.59880132781566,1.0,0.0,0.0,0.0,5,0,0,1468.1873779296875,0.9135284423828125,5.686687469482422,-0.0012199976481497288,-0.005108480341732502,0.00027135887648910284,4.6353535652160645,-0.0005893239061454384,-7.350990925056196e-05,0.0007495498284697533,0.0,24455.066414896137,-19.34499984215195,-68.2446118828705,24455.169288169956
112555,868.6116937957704,59.37371072532614,1.0,0.0,0.0,0.0,5,0,0,-863.6097412109375,1.629638671875,12.648804664611816,-0.001083181705325842,-0.005717671010643244,0.0001308410137426108,4.635361671447754,-0.0005888010413325586,-8.026500244084038e-05,0.0007460784981958568,0.0,-50879.7202679924,15.625496686023228,151.91311990801063,50879.949452621346
112562,868.6655552946031,60.21580785000578,1.0,0.0,0.0,0.0,5,0,0,2710.394287109375,0.2381591796875,0.44904422760009766,-0.000941733829677105,-0.0036911151837557554,4.1982690163422376e-05,4.6353654861450195,-0.0005881896611153372,-8.81717643458989e-05,0.0007431411650031805,0.0,66355.45066098892,-25.834399753885926,-226.50243126179942,66355.84226871446
112568,868.7130534946918,60.91728376697568,1.0,0.0,0.0,0.0,5,0,0,-1598.300537109375,0.6168365478515625,15.515619277954102,-0.0008059849496930838,-0.001969520002603531,2.9565403565356974e-06,4.635365962982178,-0.0005876485584267211,-9.517551143097527e-05,0.0007398223970085382,0.0,-90712.80208868864,7.972457218517575,317.20307342605815,90713.35703264133
112575,868.7671960964799,61.68630063248829,1.0,0.0,0.0,0.0,5,0,0,2457.48046875,0.0557861328125,0.8610897064208984,-0.000672720605507493,-0.0006425174651667476,-1.812346454244107e-05,4.6353654861450195,-0.0005870003596408277,-0.00010356795962212282,0.0007354736444540322,0.0,74909.2373088541,-10.362457593660679,-270.6654111101341,74909.72701418366
112581,868.8119562976062,62.30563051185343,1.0,0.0,0.0,0.0,5,0,0,-3245.645263671875,0.25323486328125,21.658893585205078,-0.0005880470853298903,-4.549619916360825e-06,-2.6100617105839774e-05,4.635365009307861,-0.0005864630279415329,-0.00011052671194802586,0.0007320022559724748,0.0,-127415.10513602533,4.411256551583512,464.6494733140661,127415.95243695597
112588,868.8657519966364,63.037013124956275,1.0,0.0,0.0,0.0,5,0,0,2828.334228515625,0.118804931640625,-0.4662961959838867,-0.0004618423990905285,0.0004125443520024419,-3.008148996741511e-05,4.6353631019592285,-0.0005858262792505242,-0.00011877387420442274,0.0007277679396793246,0.0,112908.27336925364,-2.4988973851841947,-411.28176006755365,112909.0224656859
112595,868.9171901978552,63.690784451732945,1.0,0.0,0.10000000149011612,5.421106576919556,5,0,0,72.66993713378906,66.79945373535156,9.830436706542969,0.048934925347566605,0.0017216945998370647,0.12265120446681976,4.637946128845215,-0.0005852798286133507,-0.00012586587101046594,0.0007246780442073941,105.39067168883874,-53572.330020987356,1296.325439531188,200.17676859887612,53588.38562843114
112601,868.9629358947277,64.24405893387843,1.0,0.0,0.10000000149011612,5.415035963058472,5,0,0,-3014.756103515625,189.4178466796875,21.806825637817383,0.056488774716854095,0.002531413920223713,0.26891398429870605,4.647669315338135,-0.0005847163742423952,-0.0001339803887168317,0.0007744979811832309,-0.13270349510703258,-67491.07023675612,2680.4355672220818,261.80361760935693,67544.7839412265
112608,869.015598796308,64.93536398714,1.0,0.0,0.0,0.0,5,0,0,2028.0614013671875,74.68144226074219,3.922658920288086,-0.00937302503734827,0.0012232190929353237,0.21079237759113312,4.661241054534912,-0.0005842355388196729,-0.0001425766588817748,0.001015357905998826,-102.82448935705145,95756.54499762673,-2178.6950771013376,-339.59706322387507,95781.92913220555
112614,869.0615159980953,65.54288260094549,1.0,0.0,0.0,0.0,5,0,0,-829.4389038085938,13.806442260742188,10.021512985229492,-0.005821090191602707,0.0007167506264522672,0.13521839678287506,4.6687703132629395,-0.0005838340312999837,-0.0001500167094334364,0.001194267300888896,0.0,-62231.58628909024,-1325.7558742816393,132.82286000792647,62245.8480752477
112621,869.112296294421,66.21156915146476,1.0,0.0,0.0,0.0,5,0,0,4954.73583984375,-5.405792236328125,-8.65775203704834,0.0004030209092888981,0.00043003371683880687,0.08256571739912033,4.674001693725586,-0.0005833977621148922,-0.00015841050318212004,0.0012403106084093451,0.0,113905.88795612898,-378.34033842282196,-367.8447424268034,113907.11023566712
112628,869.16680059582,66.92761868591681,1.0,0.0,0.0,0.0,5,0,0,-2384.834716796875,106.2000732421875,17.28000259399414,0.0007088622078299522,0.0002816195774357766,0.048342738300561905,4.677353858947754,-0.0005829745199838583,-0.00016721908861730737,0.0012360381660982966,0.0,-134660.39134988876,2047.6524350164143,475.8845442521701,134676.79957995468
112634,869.2117507979274,67.51776662441264,1.0,0.0,0.0,0.0,5,0,0,-1708.3052978515625,72.02957153320312,15.391721725463867,-0.0013158019864931703,0.00020357394532766193,0.030953295528888702,4.679043769836426,-0.0005826330054763489,-0.00017491807758014208,0.001227149972692132,0.0,15050.64242711144,-760.1857190167466,-42.008284279063844,15069.886678144332
112641,869.2658998966217,68.2286601083375,1.0,0.0,0.0,0.0,5,0,0,1308.9825439453125,31.730031967163086,5.035482883453369,-0.004215156193822622,0.0001476183533668518,0.017927760258316994,4.680286884307861,-0.000582268590778985,-0.00018376562419154487,0.0012131881667301059,0.0,55721.84790793433,-744.2328780675335,-191.25413149482324,55727.14594337822
112648,869.317949295044,68.91204389230339,1.0,0.0,0.0,0.0,5,0,0,1463.984130859375,30.642955780029297,4.414511203765869,-0.006229523103684187,9.895520634017885e-05,0.010494675487279892,4.6809821128845215,-0.0005819630035153353,-0.00019169546626540462,0.0011923217680305243,0.0,2977.9707664753496,-20.88547072754007,-11.93042952485216,2978.067901176523
112654,869.3626077957451,69.49840639243948,1.0,0.0,0.0,0.0,5,0,0,-2897.531494140625,43.41937255859375,19.569347381591797,-0.0073717995546758175,7.444835500791669e-05,0.006551009137183428,4.681341648101807,-0.0005816400697006801,-0.00020054947498125762,0.00115795130841434,0.0,-97663.72709605707,286.0914848900039,339.3494170175406,97664.7356862121
112661,869.4146583974361,70.18182268294635,1.0,0.0,0.0,0.0,5,0,0,2994.75048828125,10.53887939453125,-0.7829008102416992,-0.007946251891553402,4.094821633771062e-05,0.0037132278084754944,4.681591510772705,-0.0005813222781441913,-0.00020968185127381777,0.0011119460687041283,0.0,113202.95618100106,-631.7024606027371,-391.00889385779374,113205.39397074441
112668,869.4669526964426,70.86841701458599,1.0,0.0,0.0,0.0,5,0,0,1375.88818359375,16.433780670166016,4.901610851287842,-0.0076296026818454266,2.4220847990363836e-05,0.002037100028246641,4.681732177734375,-0.0005810259469452137,-0.00021851337118050673,0.0010615921346470714,0.0,-30956.76460807811,112.72550522010674,108.7023207028188,30957.160693997936
112675,869.5176384970546,71.53387900636052,1.0,0.0,0.0,-0.5247042179107666,5,0,0,-1139.094482421875,17.124649047851562,13.762057304382324,-0.007444492541253567,6.1488826759159565e-06,0.0010947936680167913,4.681805610656738,-0.0005807593037168679,-0.00022667135810939908,0.0010136031778529286,-10.352094897891837,-49619.077446742456,13.630412647015632,174.81121627980167,49619.387253525325
112681,869.5622258968651,72.08281454770028,1.0,0.0,-0.10000000149011612,-5.327856779098511,5,0,0,-1787.0390625,-66.91344451904297,15.704158782958984,-0.05555148422718048,0.0004584142006933689,-0.12362248450517654,4.679207801818848,-0.0005804718172019495,-0.0002355511466796246,0.0009629058768041432,-107.7244374329039,-14532.010900639569,-1884.794671229181,43.55718177844986,14653.79435494731
112688,869.6143382973969,72.7028705334652,1.0,0.0,-0.10000000149011612,-5.321004390716553,5,0,0,2092.205322265625,-201.35031127929688,1.9470958709716797,-0.06298165023326874,0.0017145662568509579,-0.29138922691345215,4.66749382019043,-0.0005800874505426856,-0.0002450787569366776,0.0008364868117496371,0.13149247227213512,74439.94798130164,-2579.7481096327238,-263.98827863630487,74485.10351459078
112695,869.6654778979719,73.31752780265961,1.0,0.0,-0.10000000149011612,-5.314185619354248,5,0,0,-1187.1182861328125,-229.3545684814453,17.34090805053711,-0.0603967159986496,0.0025737248361110687,-0.40054580569267273,4.649209022521973,-0.0005796737387300698,-0.00025306452963874573,0.0008684158092364669,0.13333642198296844,-64124.93589172593,-547.6041440936642,301.01549496848776,64127.9805057418
112702,869.7174903973937,73.92308919344458,1.0,0.0,-0.20000000298023224,-7.622838735580444,5,0,0,998.090087890625,-230.81915283203125,6.74649715423584,-0.06867518275976181,0.004596640355885029,-0.48935040831565857,4.625923156738281,-0.0005790962974166152,-0.00026216929200477114,0.0011159515706822276,-44.38650597238977,42013.13911682704,-28.158315152436266,-203.68970947498278,42013.642318160426
112708,869.7635006979108,74.32385721544419,1.0,0.0,-0.20000000298023224,-10.372395515441895,5,0,0,-2911.499267578125,-427.2041015625,14.102862358093262,-0.10495082288980484,0.010322794318199158,-0.6555005311965942,4.599022388458252,-0.000578322284713364,-0.0002719207276199527,0.001477203331887722,-59.7595918514078,-84972.04564045912,-4268.282243832705,159.88518051791965,85079.32966889335
112715,869.8162956945598,74.35254126958569,0.0,0.0,-0.20000000298023224,-10.370714664459229,0,0,0,3230.92529296875,-289.485595703125,-1.4244976043701172,-0.10029982030391693,0.024924740195274353,-0.8020954728126526,4.559695243835449,-0.0005772943815823862,-0.000281670157754417,0.0019707870669662952,0.03183731583202965,116344.82338129087,2608.5522227590377,-294.1066568426344,116374.4343532901
112721,869.8617679961026,74.06892747745344,0.0,0.0,-0.20000000298023224,-10.377191066741943,0,0,0,-2077.8125,-614.9935913085938,0.489901065826416,-0.09686924517154694,0.03370349109172821,-0.893213152885437,4.520689964294434,-0.0005761381276870208,-0.0002903414620366493,0.0025112915318459272,-0.14242521409708925,-116746.62625063717,-7158.37959728922,42.1003249284923,116965.88781265335
112728,869.9138861969113,74.01621760958959,0.0,0.0,-0.20000000298023224,-10.815391063690186,6,0,0,4540.861328125,-281.978759765625,-3.4754981994628906,-0.09211583435535431,0.03077135980129242,-0.9748230576515198,4.471628665924072,-0.0005746101570878988,-0.00029969608672806154,0.0031147385016083717,-8.407811285660504,126993.52098532327,6389.607207756362,-76.08473055007182,127154.1868811459
112735,869.9660576954484,73.91442783361228,0.0,0.0,-0.30000001192092896,-15.262250900268555,6,0,0,-2139.337890625,-1019.6568603515625,-21.56015396118164,-0.11814036965370178,0.04022196680307388,-1.094203233718872,4.41738748550415,-0.0005726906549501486,-0.00030929911677176036,0.003737563965842128,-85.23542472944759,-128043.07727531082,-14139.484608859324,-346.63861052162565,128821.8724497579
112742,870.0189276970923,73.38281011643942,0.0,0.0,-0.30000001192092896,-15.279975891113281,6,0,0,-1126.1328125,-915.1790771484375,-24.41336441040039,-0.11549580842256546,0.055214934051036835,-1.203933596611023,4.356023788452148,-0.0005708126679769407,-0.0003171100012726317,0.004259147681295872,-0.3352561054208503,19164.08259166331,1976.1259684997015,-53.966528475569966,19265.77399975582
112748,870.0661629959941,72.6989150056574,0.0,0.0,-0.30000001192092896,-15.30323839187622,6,0,0,-2182.70947265625,-946.2963256835938,-31.489093780517578,-0.10735258460044861,0.06663316488265991,-1.2778129577636719,4.296972751617432,-0.0005681010523875576,-0.0003265930452918145,0.004946975503116846,-0.49248128632154775,-22368.370365410534,-658.7710728760281,-149.79749328627832,22378.5703613888
112754,870.1133583970368,71.85835311575416,0.0,0.0,-0.4000000059604645,-16.72949504852295,6,0,0,-365.86187744140625,-636.2930908203125,-21.76304054260254,-0.10308688879013062,0.07634468376636505,-1.336515188217163,4.23492956161499,-0.0005653383570335487,-0.0003347982724323746,0.005544624291360378,-30.220246573523756,38496.284703059515,6568.505151228767,206.0805295226846,39053.19020317522
112761,870.1670222952962,70.58350495057574,0.0,0.0,-0.4000000059604645,-20.129961013793945,6,0,0,5572.1630859375,95.8896484375,19.92534637451172,-0.09965713322162628,0.09016203135251999,-1.4160720109939575,4.160645484924316,-0.0005617973980432611,-0.0003438254038403123,0.006173400674015284,-63.365988598774074,110652.13590476778,13643.860453792922,776.842314279897,111492.84099147815
112767,870.2135478965938,69.35864705446363,0.0,0.0,-0.4000000059604645,-20.183740615844727,0,0,0,-5159.2841796875,-1932.669677734375,-112.7623519897461,-0.09963446855545044,0.09898798167705536,-1.4753297567367554,4.092977046966553,-0.0005584122494762229,-0.00035127739300107216,0.006677283905446529,-1.1559141752249817,-230656.82046702885,-43600.92657793931,-2851.928715880005,234758.9042481978
112774,870.2680460959673,67.9218974286906,0.0,0.0,-0.4000000059604645,-20.248260498046875,0,0,0,2659.361083984375,-310.565185546875,-4.4872894287109375,-0.08885485678911209,0.10617439448833466,-1.5280522108078003,4.010645866394043,-0.0005541590534449153,-0.0003594290720928752,0.007255821023136377,-1.1838901641499164,143466.12096465103,29764.368563280317,1986.764036349371,146534.61274371596
112780,870.3163652978837,66.44682614319511,0.0,0.0,-0.4000000059604645,-20.723435401916504,5,0,0,-2227.5205078125,-1462.90869140625,-96.67880249023438,-0.07878050953149796,0.11617723107337952,-1.5538438558578491,3.935774326324463,-0.0005499564572342649,-0.00036645027714408523,0.00776061974465847,-9.83408013839312,-101137.46498227103,-23848.56247940051,-1907.9684557067465,103928.73086400094
112786,870.3647108972073,64.56050285226014,0.30000001192092896,0.0,-0.5,-25.0787353515625,5,0,0,166.2734375,-784.1254272460938,-47.62742614746094,-0.07255185395479202,0.12933044135570526,-1.5733104944229126,3.8598859310150146,-0.0005454597924186024,-0.00037307731096410877,0.008221282623708248,-90.08679198497296,49514.20561143743,14040.228555612397,1014.5985783429741,51476.343940694846
112792,870.4127274975181,62.63763231627225,0.6000000238418579,0.0,-0.5,-25.180843353271484,5,0,0,450.73699951171875,-781.4956665039062,-48.38816833496094,-0.06897711753845215,0.13434326648712158,-1.5978909730911255,3.783393621444702,-0.0005406638824580166,-0.00037932686875120507,0.00859478022903204,-2.1265146022012886,5924.275358322734,54.767741263761934,-15.843316323435193,5924.549690684113
112799,870.4683088958263,60.51446795263966,1.0,0.0,-0.5,-25.311803817749023,5,0,0,109.8321533203125,-961.5017700195312,-66.62284088134766,-0.06680822372436523,0.13675399124622345,-1.6201685667037964,3.693518877029419,-0.0005349883035296875,-0.00038579620665329126,0.009008788503706455,-2.35619233167145,-6133.434144650496,-3238.603363615245,-328.07149696468196,6943.716372426597
112805,870.517209995538,58.78336509508864,1.0,0.0,-0.6000000238418579,-26.790922164916992,5,0,0,-1532.9365234375,-1402.9339599609375,-114.64892578125,-0.06091969460248947,0.13757756352424622,-1.6328539848327637,3.6136081218719482,-0.0005298317155797175,-0.0003909136791588687,0.009369391947984695,-30.24713873286148,-33593.695979115684,-9027.040139062188,-982.1064389775748,34799.25855915574
112811,870.5666895955801,57.02767018927704,1.0,0.0,-0.6000000238418579,-29.49118709564209,5,0,0,1264.6246337890625,-453.517822265625,-36.528778076171875,0.015890810638666153,0.13463455438613892,-1.7250378131866455,3.5302395820617676,-0.0005244443430822039,-0.0003955819925523549,0.009650496765971184,-54.573297448388914,56539.688171407506,19188.031772435625,1578.8354723684447,59727.79606907328
112817,870.6154281981289,55.54670364165772,1.0,0.0,0.0,-17.857385635375977,5,0,0,-188.822998046875,-1086.4700927734375,-80.72653198242188,-0.07413461059331894,0.1412341147661209,-1.6909968852996826,3.44685959815979,-0.0005188885102064117,-0.0003998031351735895,0.008840675465762615,238.69788733906898,-29821.28242966211,-12986.672522536397,-906.8326048528456,32538.975004300617
112823,870.6661454960704,54.64186842599025,1.0,0.0,0.0,-4.564773797988892,5,0,0,-208.4124755859375,-1107.0850830078125,-81.48590087890625,-0.030692894011735916,0.12879885733127594,-1.60706627368927,3.3628036975860596,-0.0005131809807140469,-0.00040349061423981374,0.009066810831427574,262.0922718070185,-386.2484464704483,-406.46862256296146,-14.972581886382729,560.9178030134276
112829,870.7156073972583,54.27972922342456,1.0,0.0,0.0,0.0,5,0,0,524.972412109375,-711.5878295898438,-56.77653121948242,0.05273794010281563,0.09251666814088821,-1.3382666110992432,3.2907052040100098,-0.0005071359476758299,-0.00040678337356732136,0.00892230961471796,92.28868459075501,14827.268464859797,7995.997806787631,499.56368570543714,16853.291516236644
112835,870.7665349952877,53.936205157854744,1.0,0.0,0.0,0.0,5,0,0,-1019.4325561523438,-1166.99365234375,-85.06748962402344,0.042256176471710205,0.07137111574411392,-1.0842335224151611,3.2301173210144043,-0.0005010935200484639,-0.0004095728429448769,0.008874969556927681,0.0,-30325.50185011484,-8942.220728557193,-555.5133071114559,31621.32143117891
112841,870.8154297955334,53.684576781256645,1.0,0.0,0.0,0.0,5,0,0,64.2686767578125,-713.2826538085938,-49.027767181396484,0.03681572526693344,0.055302806198596954,-0.8681065440177917,3.183281660079956,-0.0004948158512497879,-0.0004119586107727537,0.008915748447179794,0.0,22163.936194914506,9279.330240734202,737.0870166455138,24039.32891407231
112847,870.8651355952024,53.56350905869955,1.0,0.0,0.0,0.0,5,0,0,140.11932373046875,-662.394775390625,-44.22779846191406,0.04458823800086975,0.04103817045688629,-0.6705607771873474,3.1458914279937744,-0.0004883688993115224,-0.0004139007045639583,0.008944053202867508,0.0,1525.991885810466,1023.7815055146975,96.56757866171858,1840.1372513597757
112853,870.9140220955014,53.605825578891185,1.0,0.0,0.0,0.0,5,0,0,340.41387939453125,-583.7786865234375,-37.43354797363281,0.06005152687430382,0.02909010276198387,-0.4980286657810211,3.118096113204956,-0.000481952629513823,-0.00041536878499518176,0.008912429213523865,0.0,4097.134268951838,1608.1349326785985,138.98009566504888,4403.626079325058
112859,870.9658075980842,53.832258331960674,1.0,0.0,0.0,0.0,5,0,0,155.11309814453125,-584.6082153320312,-35.549659729003906,0.08277606964111328,0.018487706780433655,-0.34329548478126526,3.0970776081085205,-0.00047558771373460996,-0.0004164158516075087,0.008785247802734375,0.0,-3578.2366107920507,-16.018552823111037,36.37868033852082,3578.45738345873
112865,871.0173146948218,54.22443671586466,1.0,0.0,0.0,0.0,5,0,0,-191.14306640625,-540.4696044921875,-28.723106384277344,0.11057968437671661,0.01039404422044754,-0.22215774655342102,3.083164691925049,-0.0004685306500030237,-0.0004171607248468134,0.008492927066981792,0.0,-6722.49430626245,856.9423173797879,132.5361702970947,6778.188966787833
112870,871.0613010972738,54.66210512294341,1.0,0.0,0.0,0.0,5,0,0,-696.5562133789062,-456.14373779296875,-18.399398803710938,0.12573352456092834,0.005618646740913391,-0.1450124830007553,3.075512647628784,-0.0004614116734828504,-0.00041754827970533545,0.008030395023524761,0.0,-11490.213311358619,1917.089418514149,234.70224899237857,11651.40845240539
112877,871.1190149970353,55.34920138399691,1.0,0.0,0.10000000149011612,5.116106986999512,5,0,0,3527.3349609375,-39.986328125,-8.220573425292969,0.18158453702926636,-0.0031589120626449585,0.004079253412783146,3.0709187984466553,-0.0004545866627225638,-0.0004176506449246462,0.007445716764777899,88.64601089420484,73186.72264005638,7210.69640741943,176.36696567884616,73541.29193031011
112883,871.1689706966281,55.97769518500262,1.0,0.0,0.10000000149011612,5.530362367630005,5,0,0,-1649.015625,-229.6041259765625,2.675872802734375,0.20297551155090332,-0.012655973434448242,0.21489515900611877,3.0777149200439453,-0.0004476798214936206,-0.0004175997708498871,0.006668395828455687,8.292454795087295,-103618.81883605082,-3795.7189949709473,218.12218259058378,103688.54650805768
112889,871.219700794667,56.63510920758961,1.0,0.0,0.0,0.0,5,0,0,-865.390869140625,-84.3739013671875,9.725345611572266,0.14778286218643188,-0.011597156524658203,0.2475324124097824,3.0912067890167236,-0.0004406910126691286,-0.0004175080329633774,0.005670356564223766,-109.01540863153895,15446.93951228532,2862.801970104181,138.96036241504382,15710.597868908628
112894,871.2625896967947,57.20092309797143,1.0,0.0,0.0,0.0,5,0,0,-745.208740234375,-119.16278076171875,11.470104217529297,0.11978429555892944,-0.006268076598644257,0.15877965092658997,3.0994274616241455,-0.00043337179661506254,-0.00041735640490979967,0.004629096947610378,0.0,2802.17312507307,-811.1394246211772,40.68088758160193,2917.49487123302
112900,871.3142515979707,57.88623439459559,1.0,0.0,0.0,0.0,5,0,0,2342.38037109375,-38.513671875,0.335174560546875,0.1119835302233696,-0.0028029680252075195,0.09123299270868301,3.1054446697235107,-0.0004273693414748865,-0.00041717385474371614,0.003929634112864733,0.0,59765.30172226683,1561.0944826053517,-215.53464745816342,59786.07497671566
112906,871.3640826977789,58.54501676206637,1.0,0.0,0.0,0.0,5,0,0,-1066.8865966796875,-16.083740234375,15.672457695007324,0.10298990458250046,-0.0010953396558761597,0.05321888625621796,3.1088054180145264,-0.0004199717574060074,-0.0004169249694469085,0.003196830628439784,0.0,-68416.45038730053,450.1191369837432,307.78536282539875,68418.62336136999
112912,871.415489397943,59.22223195533321,1.0,0.0,0.0,0.0,5,0,0,195.02081298828125,0.77496337890625,10.204883575439453,0.08434709906578064,-0.00029061734676361084,0.03046419657766819,3.1108102798461914,-0.0004125689625154955,-0.0004166701876940497,0.0025686644949018955,0.0,24547.527961145504,327.9475935913357,-106.3591730672557,24549.94889813537
112918,871.4634485952556,59.85264703248553,1.0,0.0,0.0,0.0,5,0,0,1889.0826416015625,0.4464111328125,3.6134958267211914,0.06355731189250946,4.049763083457947e-05,0.018079403787851334,3.11189866065979,-0.0004051764521413632,-0.00041641852557783434,0.0020423508249223232,0.0,35322.98127451025,-6.850661906459315,-137.43740758954382,35323.249313900546
112924,871.5130322948098,60.503681166082465,1.0,0.0,0.0,0.0,5,0,0,-479.95513916015625,14.922088623046875,13.516434669494629,0.050295405089855194,0.00017490237951278687,0.010474495589733124,3.112558364868164,-0.0003979545961757,-0.00041617882778235765,0.0016314696986228228,0.0,-47778.560334568916,291.94428048696835,199.72166118721208,47779.86969267391
112930,871.5647076964378,61.18171904594779,1.0,0.0,0.0,0.0,5,0,0,-674.0128173828125,13.17974853515625,13.825217247009277,0.03863340616226196,0.00019063055515289307,0.0058651454746723175,3.1129469871520996,-0.0003904701422251266,-0.0004159372444922052,0.0013043975923210382,0.0,-3755.3201737950662,-33.717011053591136,5.975426755991236,3755.476288072062
112936,871.6144578978419,61.83426587424456,1.0,0.0,0.0,0.0,5,0,0,283.9676513671875,7.79229736328125,9.890922546386719,0.028609624132514,0.00017629005014896393,0.0033101257868111134,3.1131601333618164,-0.0003825955280048064,-0.0004156900389997533,0.0010549926664680243,0.0,19255.810865343617,-108.29003742347835,-79.08098036963416,19256.277745596282
112942,871.6649996973574,62.497088047188,1.0,0.0,0.0,0.0,5,0,0,-190.94386291503906,7.921722412109375,11.385468482971191,0.021475588902831078,0.000140337273478508,0.0018013173248618841,3.1132819652557373,-0.0003747678454609007,-0.0004154499641053358,0.0008862686227075756,0.0,-9396.41086852707,2.560752685279237,29.570493154414713,9396.45774649646
112948,871.7176258973777,63.18550277767788,1.0,0.0,0.10000000149011612,1.77448171377182,5,0,0,280.6619873046875,7.200775146484375,9.458647727966309,0.022614503279328346,0.00012735091149806976,0.011914537288248539,3.1134467124938965,-0.0003669133888926843,-0.00041521379732714983,0.0007765578920952976,33.71859858942666,8961.427008556399,-13.699398120075562,-36.61333621392285,8961.512274141103
112953,871.7609896957874,63.74436076578598,1.0,0.0,0.0,0.0,5,0,0,-1463.567138671875,46.016845703125,14.95938777923584,0.015785053372383118,0.0001718122512102127,0.0499335415661335,3.115607261657715,-0.0003587397009360233,-0.00041498232714477133,0.0007040405180305243,-40.920809035374354,-40223.162867263534,895.1261646848158,126.85097369235595,40233.32167577813
112959,871.8114308975637,64.40621990472263,1.0,0.0,0.0,0.0,5,0,0,151.32908630371094,-2.16107177734375,9.46963119506836,0.0063124713487923145,3.3966731280088425e-05,0.030179515480995178,3.1175074577331543,-0.00035066584135169193,-0.00041477715104261886,0.0006134033319540322,0.0,32015.419302230755,-955.1302463839733,-108.83476980817206,32029.848452534494
112966,871.868174597621,65.15056662211288,1.0,0.0,0.0,0.0,5,0,0,4290.82763671875,-4.326171875,-4.3793816566467285,0.0051661464385688305,-1.3828743249177933e-05,0.017111213877797127,3.118762731552124,-0.0003426033290170997,-0.00041457142643293505,0.0005743789370171726,0.0,72950.80416393859,-38.15577932829793,-244.06256267635135,72951.22240623056
112972,871.9176789969206,65.7998961032675,1.0,0.0,0.0,0.0,5,0,0,-1874.9451904296875,16.6395263671875,16.57156753540039,0.00417030556127429,-2.3463275283575058e-05,0.010388954542577267,3.119403600692749,-0.00033440941484488823,-0.00041436789585341555,0.0005672454717569053,0.0,-124549.99786646375,423.51181993531964,423.2138858052414,124551.43692784474
112978,871.9688448980451,66.47103413390236,1.0,0.0,0.0,0.0,5,0,0,380.8832092285156,9.1846923828125,8.970274925231934,0.002791327890008688,-1.9170809537172318e-05,0.006163762882351875,3.1197938919067383,-0.0003261902693258233,-0.00041416978178586417,0.000579833984375,0.0,44088.51109980806,-145.69926104181644,-148.56168743468206,44089.00214166273
112984,872.0198940970004,67.14068589114017,1.0,0.0,0.0,0.0,5,0,0,-1886.741455078125,10.569580078125,16.300758361816406,0.0016486028907820582,-2.2451276890933514e-05,0.0036309610586613417,3.120033025741577,-0.00031798219680272686,-0.00041397735848405255,0.0006176376482471824,0.0,-44420.37702280782,27.128490234003714,143.59644395210975,44420.617406133504
112990,872.069520894438,67.79172463246644,1.0,0.0,0.0,0.0,5,0,0,544.1422119140625,4.34222412109375,7.897529602050781,0.0006487766513600945,-2.9334856662899256e-05,0.002147107617929578,3.1201634407043457,-0.00030934258597231374,-0.00041377951867027255,0.0006601714994758368,0.0,48983.28710502468,-125.48373617807842,-169.32845143433306,48983.74050545535
112996,872.118612498045,68.43579080700576,1.0,0.0,0.0,0.0,5,0,0,1611.9295654296875,2.8924560546875,4.195940017700195,-5.222074833000079e-05,-2.796387707348913e-05,0.0012562032788991928,3.120244264602661,-0.0003008900504948572,-0.00041358963221584355,0.0006926345522515476,0.0,21750.916145764048,-29.531894659911227,-75.40168404332488,21751.06688709356
113002,872.1690843962133,69.09802936670759,1.0,0.0,0.0,0.0,5,0,0,-1385.2181396484375,4.9388427734375,14.386690139770508,-0.0005027955048717558,-3.9144360926002264e-05,0.0007046738755889237,3.120286226272583,-0.00029273141221382716,-0.00041340893326273455,0.0007143783150240779,0.0,-59382.504202289754,40.54507147571969,201.9093890244395,59382.86130390786
113007,872.2122834958136,69.66488529918296,1.0,0.0,0.0,0.0,5,0,0,-352.54022216796875,2.6221923828125,10.91943359375,-0.000707126862835139,-3.240630030632019e-05,0.00041520310332998633,3.120314121246338,-0.0002836212847590147,-0.0004132095164897878,0.0007290649227797985,0.0,23905.079666821028,-53.62728418089766,-80.26224106752488,23905.274560021477
113013,872.261237796396,70.30730145222505,1.0,0.0,0.0,0.0,5,0,0,753.00830078125,1.45477294921875,7.16269588470459,-0.0008737843600101769,-3.318837843835354e-05,0.00021444144658744335,3.1203253269195557,-0.00027510609943594017,-0.00041302477229357497,0.000735435460228473,0.0,22583.276847927908,-23.847127212624237,-76.739687103105,22583.41982196695
113020,872.3186607956886,71.03898095066698,1.0,0.0,0.0,1.2664231806993484,5,0,0,4047.48779296875,38.888427734375,-3.8451528549194336,0.03319971263408661,0.0006774589419364929,0.09326422214508057,3.1224589347839355,-0.0002663412403368734,-0.00041283690846072784,0.0007374572451226413,22.05428480400333,57372.12498078903,651.8930610782705,-191.69755803821747,57376.14867981395
113026,872.3690722957253,71.70199012218839,1.0,0.0,0.0,0.0,5,0,0,-3005.962890625,50.53515625,20.93745994567871,-0.0035938979126513004,8.567003533244133e-06,0.06050967425107956,3.1261632442474365,-0.00025771325100996554,-0.0004126947078806241,0.0007839965401217341,-25.12171190654847,-139917.49260499043,231.03316717697905,491.60633550971704,139918.5469835254
113032,872.4191430956125,72.35966385645784,1.0,0.0,0.0,0.0,5,0,0,-207.2856903076172,1.54205322265625,9.730279922485352,-0.001792691182345152,-6.181211210787296e-05,0.038717590272426605,3.1285178661346436,-0.00024861908169639997,-0.0004125468165347848,0.0008514404180459678,0.0,55894.39766537324,-978.4765399740998,-223.82666241492865,55903.40960164209
113037,872.4610348977149,72.9097147065228,1.0,0.0,0.0,0.0,5,0,0,-1216.400390625,16.6553955078125,13.600672721862793,-2.3333996068686247e-06,-7.337649731198326e-05,0.026577608659863472,3.1298179626464844,-0.0002394224614588256,-0.0004124024904879647,0.0008664703345857561,0.0,-24088.59608981396,360.770879425037,92.39021968841053,24091.474698704846
113044,872.5184863954782,73.66396447786346,1.0,0.0,0.0,0.0,5,0,0,3321.375244140625,2.41455078125,-1.6353309154510498,0.0003778137033805251,-7.866375381127e-05,0.015796277672052383,3.130967617034912,-0.00023046869293471035,-0.0004122711914952445,0.0008663940243422985,0.0,78984.46187519286,-247.87595242879678,-265.19767509040156,78985.29603672103
113050,872.5687787979841,74.3242448962778,1.0,0.0,0.0,0.0,5,0,0,-1322.7166748046875,21.1728515625,14.325261116027832,-0.0001710466603981331,-6.560361362062395e-05,0.009951669722795486,3.131579875946045,-0.00022149330978533526,-0.000412149011440391,0.000865135167259723,0.0,-92341.81879465468,372.9847819272275,317.3559272618669,92343.11739776256
113056,872.6178452968597,74.9684514922161,1.0,0.0,0.0,0.0,5,0,0,194.68008422851562,12.607925415039062,9.097317695617676,-0.0009230286814272404,-6.08402187936008e-05,0.006295404862612486,3.1319499015808105,-0.00021217819477819776,-0.0004120311166006973,0.0008637618739157915,0.0,30925.3114406992,-174.55751569258598,-106.54812428461274,30925.987624218473
113062,872.6669176965952,75.04279246093118,1.0,0.0,0.0,0.0,0,0,0,673.0455932617188,9.6959228515625,7.561502933502197,-0.001436266116797924,0.01095534022897482,0.003953098319470882,3.132200241088867,-0.00020295461196684423,-0.000411921929318219,0.0008592605590820312,0.0,9748.158060581327,-59.340944791270964,-31.296915789630308,9748.38891400745
113068,872.7167463973165,75.00851826006428,1.0,0.0,0.0,0.0,0,0,0,569.5616455078125,9.1959228515625,8.243278503417969,-0.0019215093925595284,0.012682601809501648,0.0025376209523528814,3.132347345352173,-0.00019368540018448315,-0.00041181843280148085,0.0008432769682258368,0.0,-2076.7940214372384,-10.03437763302205,13.682387059007356,2076.863332992224
113074,872.7684605978429,75.52787293129239,1.0,0.0,0.0,0.0,6,0,0,-1348.956787109375,9.2777099609375,12.779226303100586,-0.002366754924878478,-0.0006275742780417204,0.0016096971230581403,3.132451295852661,-0.00018442804987768026,-0.00041171997569778017,0.0008226775680668652,0.0,-37098.48384168622,1.5815212947772013,87.71184226971404,37098.58756368411
113080,872.817616995424,76.20209815797028,1.0,0.0,0.0,0.0,6,0,0,-464.7223815917969,5.26788330078125,10.98988151550293,-0.002443663775920868,-0.004871974233537912,0.0009730614838190377,3.13250994682312,-0.00017464675488388357,-0.00041162018160694944,0.0008083343273028731,0.0,17988.18564885126,-81.57283400478352,-36.40105613202257,17988.407436504032
113086,872.8677584975958,76.82883408965402,1.0,0.0,0.0,0.0,6,0,0,1013.6159057617188,3.017333984375,7.1845197677612305,-0.0023262437898665667,-0.003974886145442724,0.0005513938376680017,3.132542848587036,-0.0001652869365122112,-0.0004115276895227694,0.0007975387270562351,0.0,29483.326652033913,-44.883962763963716,-75.89245600793537,29483.458492950343
113092,872.9192608967423,77.43051587617002,1.0,0.0,0.0,0.5732182264328003,6,0,0,-137.1272430419922,3.2082977294921875,10.169548034667969,-0.0021283049136400223,-0.0023594889789819717,0.00029050197917968035,3.1325693130493164,-0.0001559173478499773,-0.0004114373229053191,0.0007862472557462752,11.129932506670853,-22343.48628166078,3.7078611536867445,57.959013878410744,22343.561762044286
113098,872.9680831953883,77.93142745997254,1.0,0.0,0.10000000149011612,5.262704610824585,6,0,0,1330.0042724609375,74.34033203125,6.460412502288818,0.05047989636659622,0.0001814514398574829,0.14241614937782288,3.135929822921753,-0.00014581269052032288,-0.00041134558501901557,0.0007734679966233671,96.05214245230067,30050.43916800375,1456.957912153214,-75.97216098478548,30085.833748076926
113104,873.0176944956183,78.40509619329815,1.0,0.0,0.10000000149011612,5.257446050643921,6,0,0,-252.99688720703125,201.87518310546875,12.266092300415039,0.054243844002485275,0.0019101351499557495,0.3003040552139282,3.1478075981140137,-0.0001364575258923105,-0.0004113344434594381,0.0008379745413549244,-0.1059952098873116,-31908.076432753704,2570.6814875420428,117.0233348291172,32011.67661041418
113110,873.0673424974084,78.87107180181349,1.0,0.0,0.10000000149011612,5.252231597900391,6,0,0,920.5689697265625,198.436279296875,7.778316974639893,0.051738325506448746,0.0034645050764083862,0.40890297293663025,3.166024684906006,-0.0001266940488231384,-0.00041143375760578963,0.001074562082067132,-0.10502845140840399,23637.72588263295,-69.26570425001823,-90.39186198778386,23638.000197330453
113116,873.116544097662,79.31807407069965,1.0,0.0,0.10000000149011612,5.8682701587677,6,0,0,-1004.6858520507812,261.5341796875,10.107070922851562,0.05561675503849983,0.00517268106341362,0.4823356866836548,3.188363790512085,-0.00011683270601017599,-0.0004116543604819968,0.0013875197619199753,12.520701718892983,-39129.9228450843,1282.4359383723768,47.33085786253732,39150.96095893925
113122,873.1693216972053,79.64982162287436,1.0,0.0,0.20000000298023224,10.258560180664062,6,0,0,-1097.0789794921875,337.83209228515625,8.089523315429688,0.10880427062511444,0.011647194623947144,0.65081387758255,3.2184560298919678,-0.0001069629641755016,-0.0004120199407574568,0.0017232131212949753,83.1847234410825,-1750.6125371531318,1445.6495418100976,-38.22734692140303,2270.6845186036126
113128,873.219325594604,79.89379728065823,1.0,0.0,0.20000000298023224,10.25365924835205,6,0,0,56.89349365234375,377.25006103515625,4.171909332275391,0.10519244521856308,0.017368599772453308,0.8027892112731934,3.255642890930176,-9.657796807017267e-05,-0.00041264321673169165,0.0021561812609434128,-0.0980110064808294,23077.650606776417,788.2979287733821,-78.34617273763432,23091.24312971779
113134,873.2693702951074,80.10604180317338,1.0,0.0,0.20000000298023224,10.249836921691895,6,0,0,140.15011596679688,402.57275390625,0.6571540832519531,0.10187721252441406,0.023212887346744537,0.9115674495697021,3.299159288406372,-8.66436823247783e-05,-0.00041351733206045993,0.0027074050158262253,-0.07637825027847726,1663.64513079424,506.00148699858835,-70.23231658241632,1740.3118123924514
113140,873.3178822956979,80.26415940616245,1.0,0.0,0.20000000298023224,10.802128791809082,6,0,0,193.16326904296875,443.1046447753906,-3.3307671546936035,0.10003112256526947,0.029130548238754272,0.9867364764213562,3.345625877380371,-7.6786247628035e-05,-0.00041467577998543457,0.0032980346586555243,11.384644281700195,1092.7843096721242,835.5023576790072,-82.20483982104292,1378.0418617889532
113146,873.3663126975298,80.22327726184484,1.0,0.0,0.30000001192092896,15.07002067565918,6,0,0,1288.60400390625,446.676513671875,-7.7822675704956055,0.11818192154169083,0.04052581638097763,1.0979480743408203,3.3963842391967773,-6.721488532484003e-05,-0.00041610868737089186,0.003870468121021986,88.12423028548963,22618.865287682253,73.75261739278457,-91.91541361263471,22619.172283577245
113152,873.413645196706,80.05498534624395,1.0,0.0,0.30000001192092896,15.077974319458008,6,0,0,-453.0242919921875,740.947265625,-18.270898818969727,0.11920908838510513,0.05090881884098053,1.202845811843872,3.4514050483703613,-5.7730821424853915e-05,-0.00041788691453468926,0.004451980348676443,0.1680376894786215,-36795.612448282154,6217.097281452977,-221.59470619573656,37317.80403862264
113158,873.4620965979993,79.81519117163293,1.0,0.0,0.30000001192092896,15.089356899261475,6,0,0,907.5100708007812,612.16552734375,-18.819318771362305,0.11080405116081238,0.060508690774440765,1.2833596467971802,3.512120008468628,-4.846850026845894e-05,-0.0004200089873628125,0.005073737818747759,0.23492777297745654,28080.392444330242,-2657.9569391962555,-11.31896989052961,28205.909009235987
113165,873.518409896642,79.42535535765745,1.0,0.0,0.4000000059604645,16.603312015533447,6,0,0,1859.4912109375,585.2677001953125,-22.90689468383789,0.10800299793481827,0.07136538624763489,1.3510165214538574,3.586747169494629,-3.7630424079215684e-05,-0.00042301861395455543,0.005815048236399889,26.884504242586537,16905.08570946978,-477.6460942046981,-72.58633415199803,16911.9879792925
113171,873.5671576969326,78.83916436699651,1.0,0.0,0.4000000059604645,19.81362533569336,6,0,0,-2519.798828125,1393.693115234375,-67.4885482788086,0.11190773546695709,0.08501852303743362,1.4122852087020874,3.6544559001922607,-2.8564245791061284e-05,-0.00042601631050731683,0.006411628797650337,65.85555247669238,-89835.64413076382,16583.833736497985,-914.5367243079779,91358.10240591229
113177,873.6149479970336,78.12821722073133,1.0,0.0,0.4000000059604645,19.850887298583984,6,0,0,147.702880859375,798.9207153320312,-39.72783279418945,0.10627753287553787,0.09538416564464569,1.4631941318511963,3.723567247390747,-1.9657580351970645e-05,-0.0004294436598727338,0.006968154571950436,0.7796971940298135,55816.80180590089,-12445.462753839834,580.8859836813198,57190.40422590553
113183,873.6636368967593,77.30926228109392,1.0,0.0,0.4000000059604645,19.8936128616333,6,0,0,-731.9620361328125,990.18603515625,-56.02013397216797,0.10086150467395782,0.10454075038433075,1.5001200437545776,3.7960805892944336,-1.1138858655092438e-05,-0.00043321718605951936,0.0075181578285992146,0.8775216381976594,-18067.052694729624,3928.3146857261386,-334.6204426424313,18492.215123799066
113189,873.7125124968588,76.38813997090871,1.0,0.0,0.4000000059604645,19.941869735717773,6,0,0,1488.326416015625,493.9429931640625,-26.31290054321289,0.0903710126876831,0.11257179081439972,1.5249934196472168,3.8703482151031494,-2.774678154218589e-06,-0.000437448407506955,0.008056793361902237,0.9873407996253643,45427.33895083699,-10153.185658719274,607.813169934262,46552.1185342214
113196,873.7672065980732,75.14098038779647,1.0,0.0,0.5,24.603556632995605,6,0,0,2484.298583984375,412.326171875,-22.933048248291016,0.0849771797657013,0.12418445199728012,1.5399706363677979,3.954526424407959,6.386097062003418e-06,-0.00044275922892055377,0.008625755086541176,85.2319865172176,18209.86442513048,-1492.241749601344,61.79555418000855,18271.008907868287
113202,873.8133372962475,73.91181739378811,1.0,0.0,0.5,24.676417350769043,6,0,0,-3936.28857421875,2231.873046875,-170.57064819335938,0.08322019875049591,0.13135674595832825,1.5504176616668701,4.0261149406433105,1.3751843589190408e-05,-0.0004476194856715383,0.009020080789923668,1.5794410372511278,-139182.52730431722,39443.2979992514,-3200.419802610248,144698.9714918102
113209,873.8666004948318,72.38776782239745,1.0,0.0,0.5,24.766475677490234,6,0,0,5007.431640625,-542.40625,58.761878967285156,0.07161934673786163,0.1374601423740387,1.557021975517273,4.109232425689697,2.1482884889500882e-05,-0.00045338299721448303,0.00944599136710167,1.690817095383876,167915.56745668247,-52086.23159353047,4305.646924256723,175861.1722676468
113215,873.9142160974443,71.03078454701469,1.0,0.0,0.0,16.169921398162842,6,0,0,-3048.206787109375,2333.43408203125,-196.87112426757812,0.06543983519077301,0.13780006766319275,1.5617327690124512,4.183749198913574,2.7913392314420335e-05,-0.0004587929956477172,0.009813956916332245,-180.54070110773858,-169180.6463795628,60397.01640311833,-5368.681465931491,179718.42821616222
113222,873.9690699949861,69.95480266864996,1.0,0.0,0.0,2.511110782623291,6,0,0,511.387451171875,914.38525390625,-71.74342346191406,0.02101067081093788,0.12468264997005463,1.5015779733657837,4.268529415130615,3.405099671281945e-05,-0.00046459058322160124,0.01024372037500143,-249.00346607350585,64892.27562309967,-25869.608026387716,2281.108661611543,69895.97636280187
113228,874.0155012980103,69.39069980542068,1.0,0.0,0.0,0.0,6,0,0,-1218.01806640625,1415.2945556640625,-121.48509216308594,-0.018603846430778503,0.10574402660131454,1.3321303129196167,4.333878040313721,4.05764666482277e-05,-0.000471559782901522,0.01066257432103157,-54.08228111344462,-37246.5428479001,10788.181014341684,-1071.2959891551602,38792.2347746948
113234,874.0624807961285,68.75581945752091,1.0,0.0,0.0,0.0,6,0,0,297.65972900390625,771.0007934570312,-61.9321174621582,-0.010732240974903107,0.09225301444530487,1.1750277280807495,4.392273902893066,4.576017143930058e-05,-0.0004777742019242913,0.010733413510024548,0.0,32262.536981513626,-13714.360263843451,1267.637524588725,35079.36537088104
113241,874.1169049963355,68.00661572607905,1.0,0.0,0.0,0.0,6,0,0,1960.625244140625,282.7397766113281,-19.2710018157959,-0.0036502438597381115,0.07929829508066177,1.0096423625946045,4.4511847496032715,5.12269061211372e-05,-0.00048518196766437647,0.010676726698875427,0.0,30555.62615181953,-8971.395353329384,783.8629779419189,31855.08853046379
113247,874.1620122976601,67.4237561089694,1.0,0.0,0.0,0.0,6,0,0,-2834.824462890625,1954.064208984375,-158.29580688476562,-0.023306921124458313,0.07258979976177216,0.8679203987121582,4.493377685546875,5.547502417186642e-05,-0.0004917322104286698,0.010590476915240288,0.0,-106312.05073701321,37052.19295531969,-3082.090947283782,112626.00241203113
113254,874.2140839956701,66.83693471173056,1.0,0.0,0.0,0.0,6,0,0,3525.169921875,-288.5709228515625,24.41127586364746,-0.01129726693034172,0.05892953649163246,0.7307117581367493,4.534534454345703,5.990320267831597e-05,-0.0004995412437161733,0.010249518789350986,0.0,122139.17786103625,-43068.21589352899,3508.7598394321317,129557.56012071346
113260,874.26093499735,66.411048105913,1.0,0.0,0.0,0.0,6,0,0,-2965.597412109375,1849.0654296875,-139.09397888183594,-0.0250931978225708,0.04984879121184349,0.6130062341690063,4.565640449523926,6.317944678674585e-05,-0.000506207941487595,0.010036086663603783,0.0,-138540.6309630604,45626.267868169685,-3489.898804354481,145902.16633376453
113267,874.3136063963175,66.08713121869377,1.0,0.0,0.0,0.0,6,0,0,4019.542724609375,-219.10986328125,18.713321685791016,-0.04155566915869713,0.03942196071147919,0.4901055097579956,4.594261169433594,6.66230285470876e-05,-0.0005143839263195218,0.009931755252182484,0.0,132617.3269297103,-39265.6229663599,2996.0719415291364,138340.59778675533
113274,874.3660436980426,65.93871465937188,1.0,0.0,0.0,0.0,6,0,0,-1710.214599609375,1387.8851318359375,-100.72681427001953,-0.06392132490873337,0.029412172734737396,0.3781543970108032,4.6166276931762695,6.954413544923166e-05,-0.0005226878162534831,0.009792899712920189,0.0,-109268.72923880318,30646.027584338226,-2277.770442534547,113507.8078122901
113281,874.4185943976045,65.96217343858741,1.0,0.0,0.0,0.0,6,0,0,901.5701904296875,642.6689453125,-44.888912200927734,-0.08445417881011963,0.020873889327049255,0.2787078022956848,4.63349723815918,7.161411720183921e-05,-0.0005297114895884282,0.009572562761604786,0.0,49700.2858537759,-14180.899450188499,1062.5529733127441,51694.73224598895
113287,874.4630358964205,66.10197310451397,1.0,0.0,0.0,0.0,6,0,0,-1530.1922607421875,956.8818359375,-52.68042755126953,-0.0779239758849144,0.005588018335402012,0.21490095555782318,4.644165515899658,7.369589615175383e-05,-0.0005382409189665789,0.0091885756701231,0.0,-54718.2816952081,7070.258632046442,-175.32071505055376,55173.45055507494
113294,874.5154945962131,65.99427373160749,1.0,0.0,0.0,0.0,6,0,0,1961.2001953125,400.84832763671875,376.7765808105469,0.11773350089788437,-0.1902245283126831,0.07591758668422699,4.650478363037109,7.528820497062874e-05,-0.0005466090185644303,0.017205238342285156,0.0,66555.07036691043,-10599.452721833717,8186.573629531788,67889.21694450844
113300,874.5630841962993,66.19305879769492,1.0,0.0,0.0,0.0,6,0,0,-2663.478515625,416.1295166015625,-152.37985229492188,-0.025544986128807068,-0.10497145354747772,0.03760097175836563,4.652082920074463,7.657216684757457e-05,-0.0005540412271716799,0.03961486741900444,0.0,-97178.3478440572,321.10353810834135,-11119.161164348132,97812.93443191197
113307,874.6168110966682,66.40354876623078,1.0,0.0,0.0,0.0,6,0,0,4614.47998046875,-216.46832275390625,-232.38739013671875,-0.151521697640419,-0.057610321789979935,0.0574730783700943,4.654064178466797,7.79862707088544e-05,-0.0005630327398707471,0.05143909156322479,0.0,135462.09526546043,-11774.322267087453,-1489.1523108983681,135980.9968089768
113313,874.6622218973935,67.00626576063675,1.0,0.0,0.0,0.0,6,0,0,-4348.98193359375,692.0250244140625,-33.73095703125,-0.06284424662590027,-0.02550659142434597,0.009977800771594048,4.655459880828857,7.904557589589728e-05,-0.0005705676222331687,0.05240829288959503,0.0,-197386.1233652306,20006.10719606585,4374.6516232455,198445.61874508412
113320,874.7139006964862,67.17432752560558,1.0,0.0,0.0,0.0,6,0,0,5138.61474609375,118.40017700195312,-6.1102142333984375,0.6917134523391724,0.3461185097694397,0.17951983213424683,4.658344268798828,8.006223462166347e-05,-0.0005792840926824828,0.05103103443980217,0.0,183587.79318103212,-11099.809931387612,534.4695171470418,183923.8136926785
113327,874.7663288973272,67.72068041521226,1.0,0.0,0.0,0.0,6,0,0,-2167.365478515625,288.33673095703125,204.75030517578125,0.08580593019723892,0.1903872936964035,0.1556108593940735,4.667897701263428,8.086201860826425e-05,-0.0005877892506018927,0.06417591124773026,0.0,-139352.10645075014,3241.319580479406,4021.8911964738486,139447.80863706776
113334,874.8179998956621,68.24530671073514,1.0,0.0,-0.10000000149011612,-5.203249454498291,6,0,0,-1536.50732421875,96.454833984375,-166.22267150878906,-0.08877518028020859,0.09238940477371216,0.03978570178151131,4.6744303703308105,8.157031325124606e-05,-0.0005952422339321717,0.07426922023296356,-100.69961142952063,12209.13422667438,-3713.5318293842797,-7179.520207452917,14642.362774567046
113340,874.862807597965,68.57191156846164,1.0,0.0,-0.10000000149011612,-5.367486238479614,6,0,0,106.2178726196289,-21.809785842895508,-143.02120971679688,-0.305907279253006,0.11968283355236053,-0.07318480312824249,4.674347877502441,8.238914930442641e-05,-0.0006041693998403507,0.0777193084359169,-3.6653694686454314,36661.67003459269,-2639.3814846321607,517.8007485216133,36760.202692068226
113347,874.912901494652,68.87137750639539,1.0,0.0,-0.10000000149011612,-5.363707542419434,6,0,0,2090.673583984375,-113.698974609375,-141.7506103515625,-0.6001545190811157,0.05426517128944397,-0.23181240260601044,4.666725158691406,8.319768370036384e-05,-0.0006129448348501896,0.07086997479200363,0.07543226440914828,39614.720407217144,-1834.3390082143364,25.36435472713646,39657.17483494675
113354,874.9664526954293,69.46389125291977,1.0,0.0,0.0,0.0,6,0,0,-510.37060546875,-24.603050231933594,-242.51454162597656,-0.61403888463974,-0.10518759489059448,-0.17906737327575684,4.655462265014648,8.402179913861417e-05,-0.0006216007637796797,0.051905859261751175,100.16035989045179,-48571.16463681738,1663.7521303765325,-1881.6371960260844,48636.06340839707
113360,875.0116543956101,70.02252916984862,1.0,0.0,0.0,0.0,6,0,0,-2156.20703125,381.60308837890625,158.0137176513672,-0.15623152256011963,-0.05982838571071625,-0.11721353232860565,4.64886474609375,8.472086342812147e-05,-0.0006295692070708761,0.026786230504512787,0.0,-36410.94072124017,8986.523449037431,8860.9113744741,38536.08644234713
113367,875.0620665960014,70.58950660385617,1.0,0.0,0.0,0.0,6,0,0,4228.3388671875,105.48712158203125,127.62559509277344,-0.09143786132335663,-0.0345027819275856,-0.06878679990768433,4.644423007965088,8.534094263180945e-05,-0.0006386075143193418,0.010958937928080559,0.0,126646.84042516557,-5477.165540359294,-602.7930207911045,126766.65528229324
113374,875.111560497433,71.13033474344175,1.0,0.0,0.0,0.0,6,0,0,-297.26031494140625,-0.16248321533203125,127.34151458740234,-0.07190811634063721,-0.021186646074056625,-0.04108506068587303,4.641842842102051,8.591976378395386e-05,-0.000647367111173896,0.003864135593175888,0.0,-91437.51151617826,-2134.598440243271,-5.739707259972551,91462.42428296202
113381,875.1649104952812,71.69953417912299,1.0,0.0,0.0,0.0,6,0,0,-704.7450561523438,-25.979145050048828,63.933658599853516,-0.05790005996823311,-0.014339426532387733,-0.023558765649795532,4.640222549438477,8.652976416157959e-05,-0.0006564939338266404,0.0006776428199373186,0.0,-7637.952345749409,-483.91120667220116,-1188.525933363317,7745.003549783498
113388,875.2155745960772,72.23080725249535,1.0,0.0,0.0,0.0,6,0,0,-567.4736328125,-22.714645385742188,33.6209602355957,-0.04250404238700867,-0.009055929258465767,-0.014585479162633419,4.639302730560303,8.707491209301514e-05,-0.0006645097544565711,-0.00045639037853106856,0.0,2709.4416200657042,64.4341775146119,-598.3072409855235,2775.4634226362923
113395,875.2662571966648,72.75665285457534,1.0,0.0,0.0,0.0,6,0,0,-148.43568420410156,-19.649314880371094,19.521278381347656,-0.03171015903353691,-0.006106877699494362,-0.00901881419122219,4.638733863830566,8.769763955965453e-05,-0.0006735271498550033,-0.0008248138474300504,0.0,8267.885699434039,60.48092382458899,-278.19570603675544,8272.785790283091
113402,875.3157664947212,73.26674832100711,1.0,0.0,0.0,0.0,6,0,0,-228.203125,-17.19239044189453,13.657830238342285,-0.023462800309062004,-0.004298366606235504,-0.005611858330667019,4.6383891105651855,8.833835635952168e-05,-0.0006826595261465461,-0.0007692336803302169,0.0,-1611.1608107448196,49.62551550780354,-118.4312517687103,1616.2697210752985
113409,875.3658381961286,73.7802571299163,1.0,0.0,0.0,0.0,6,0,0,1625.55224609375,-9.924835205078125,7.4517316818237305,-0.016306821256875992,-0.003009369596838951,-0.0034448052756488323,4.638174057006836,8.898447253048443e-05,-0.0006917455535509203,-0.0005661392351612449,0.0,37022.01680765299,145.1429656380245,-123.94423161337458,37022.50879072304
113416,875.416148096323,74.29458235958421,1.0,0.0,0.0,0.0,6,0,0,305.8040771484375,-12.610954284667969,8.962800979614258,-0.011463351547718048,-0.0021496666595339775,-0.002082561608403921,4.638041973114014,8.964667539914413e-05,-0.0007009554065324905,-0.0003322982811369002,0.0,-26232.37501655873,-53.39146110825496,30.035227498990928,26232.446545688126
113423,875.4673558957875,74.81696498117232,1.0,0.0,0.0,0.0,6,0,0,900.6563110351562,-9.451171875,7.135181427001953,-0.007777774706482887,-0.0015386570012196898,-0.001226153806783259,4.637962341308594,9.033571228511416e-05,-0.000710452677465137,-0.00011138915579067543,0.0,11616.438122858966,61.705100447847,-35.69025757259081,11616.656833018613
113429,875.5125006958842,75.27680472935208,1.0,0.0,0.0,0.0,6,0,0,-2070.303955078125,-11.35931396484375,13.978469848632812,-0.00535056134685874,-0.001146425143815577,-0.0007539697107858956,4.637919902801514,9.103266824869045e-05,-0.0007199913607170539,7.29751554899849e-05,0.0,-65809.5785061887,-42.26715116147136,151.58530787521357,65809.76665951524
113436,875.5625758953393,75.78632862300951,1.0,0.0,0.0,0.0,6,0,0,1555.2216796875,-4.4196624755859375,5.427741050720215,-0.0035689601209014654,-0.0008470489410683513,-0.0004276440304238349,4.63789176940918,9.172785870361766e-05,-0.0007294543499283963,0.00021812439081259072,0.0,72401.62144580265,138.58460005717916,-170.75775815117424,72401.95544240951
113443,875.6131560951471,76.30057876786847,1.0,0.0,0.0,0.0,6,0,0,1528.8963623046875,-4.2357635498046875,5.426489353179932,-0.0022037404123693705,-0.0006079543381929398,-0.00023092652554623783,4.637876510620117,9.244191267566133e-05,-0.0007391340681815613,0.0003346633748151362,0.0,-520.4668523019559,3.6357888359427077,-0.024746789159344945,520.4795518730482
113450,875.6645206958055,76.82246480662971,1.0,0.0,0.0,0.0,6,0,0,-2297.13134765625,-5.5421142578125,15.198529243469238,-0.0013773154933005571,-0.00046338452375493944,-0.00011526714661158621,4.637868881225586,9.314545072970476e-05,-0.0007486412808132971,0.0004219436668790877,0.0,-74487.63663918398,-25.43289914186747,190.24853235548386,74487.88393710434
113457,875.714115396142,77.34541427326171,1.0,0.0,0.0,0.0,6,0,0,-45.48900604248047,-0.6323003768920898,11.89193058013916,-0.015797430649399757,-0.004505260847508907,-0.0030038096010684967,4.637795925140381,9.38659068131826e-05,-0.0007583541152091639,0.0004919052007608116,0.0,45400.86594612655,98.99876090815457,-66.67241945001628,45401.0228367636
113464,875.7642529979348,77.85410681294633,1.0,0.0,0.0,0.0,6,0,0,697.8998413085938,-5.643310546875,3.434330463409424,-0.001992506440728903,-0.0012937607243657112,-0.0019765179604291916,4.637676239013672,9.457484423831301e-05,-0.0007678996548052335,0.0006161880446597934,0.0,14826.972586822956,-99.94515076110564,-168.68776754978745,14828.268971342575
113471,875.8153953962028,78.33769411359796,1.0,0.0,-0.10000000149011612,-5.25814962387085,6,0,0,1861.51953125,-65.54879760742188,6.344907760620117,-0.04848114773631096,0.0007846439257264137,-0.12184079736471176,4.63510799407959,9.530993861675643e-05,-0.0007777416627267862,0.0005847549182362854,-102.81390396121684,22752.544451358724,-1171.3468489812349,56.911239906258785,22782.747229886492
113478,875.8654909953475,78.78081681555473,1.0,0.0,-0.10000000149011612,-5.253242492675781,6,0,0,-885.3790283203125,-251.59864807128906,14.620004653930664,-0.057582736015319824,0.0020775049924850464,-0.2870849072933197,4.62402868270874,9.600854010293584e-05,-0.0007863188808239528,0.0006474685505963862,0.09795533497652155,-54833.13118256381,-3713.896103457648,165.18610485940255,54959.00823341673
113485,875.9162069968879,79.2341616072644,1.0,0.0,-0.10000000149011612,-5.248194694519043,6,0,0,261.80108642578125,-245.2725830078125,9.83359146118164,-0.05510202795267105,0.0032715853303670883,-0.4019773006439209,4.605952262878418,9.69244705610398e-05,-0.0007962255440717738,0.0009003829909488559,0.09953068072046271,22619.687670601375,124.73509092459636,-94.3767853807261,22620.228472234376
113491,875.9611065946519,79.62982920398976,1.0,0.0,-0.10000000149011612,-5.663130521774292,6,0,0,-706.0185546875,-291.2275695800781,9.326624870300293,-0.05426604300737381,0.0045904312282800674,-0.47241634130477905,4.585965633392334,9.796772333191362e-05,-0.0008061908976263808,0.0012435531243681908,-9.241415244655032,-21555.19624474099,-1023.50552924321,-11.29111653841265,21579.485077429446
113498,876.011493396014,79.9447358742933,1.0,0.0,-0.20000000298023224,-10.252164363861084,6,0,0,2298.159912109375,-344.740234375,0.8351736068725586,-0.09688180685043335,0.010350590571761131,-0.6346284747123718,4.557945251464844,9.91798564321571e-05,-0.0008163241630517248,0.0016162109095603228,-91.07610957706584,59622.3293717604,-1062.0373460586306,-168.52530888823892,59632.02565584069
113505,876.0633411966264,80.19455205188207,1.0,0.0,-0.20000000298023224,-10.24718713760376,6,0,0,-1542.1634521484375,-662.15380859375,3.166261672973633,-0.10384467989206314,0.016378656029701233,-0.7968088388442993,4.519993305206299,0.00010063041033335878,-0.0008264555087006593,0.0020707701332867146,0.09599686386945971,-74069.16626923761,-6122.025823069011,44.96021120597612,74321.75060787308
113512,876.116096496582,80.41628681548282,1.0,0.0,-0.20000000298023224,-10.243202209472656,6,0,0,-522.7026977539062,-610.66748046875,-2.5684213638305664,-0.10282180458307266,0.022575534880161285,-0.9131213426589966,4.4742584228515625,0.00010241246847917461,-0.0008368323800372777,0.0026696776039898396,0.07553607191043989,19324.328650437143,975.9460787508687,-108.70344859435791,19349.262646893585
113519,876.1663676947355,80.57654260959693,1.0,0.0,-0.20000000298023224,-10.644708633422852,6,0,0,993.3206787109375,-560.8629150390625,-8.05594253540039,-0.09963108599185944,0.028782207518815994,-0.9907939434051514,4.425994873046875,0.00010417034087066913,-0.000845580115415923,0.003209075890481472,-7.98680832559936,30156.897630247186,990.717692417366,-109.15835255834716,30173.364276679695
113526,876.2166091948748,80.52795004028084,1.0,0.0,-0.30000001192092896,-15.060718059539795,6,0,0,943.8637084960938,-715.632080078125,-16.45460319519043,-0.11895796656608582,0.04058949649333954,-1.104929804801941,4.373126029968262,0.00010641922178537147,-0.0008552561312429706,0.0038034438621252775,-87.89565227707503,-984.3848228612104,-3080.504455681936,-167.16580190707813,3238.2812704091957
113533,876.2669298946857,80.33980604702445,1.0,0.0,-0.30000001192092896,-15.069635391235352,6,0,0,2086.389404296875,-789.781005859375,-24.020862579345703,-0.11540186405181885,0.051596783101558685,-1.2137600183486938,4.31421422958374,0.00010913514830013016,-0.0008652071550379952,0.004430847242474556,-0.17721000957960772,22704.884870290334,-1473.5273169843335,-150.36077424551334,22753.146773346973
113539,876.3111662976444,80.11157957559288,1.0,0.0,-0.30000001192092896,-15.080294132232666,6,0,0,-5252.142578125,-1681.8104248046875,-59.183109283447266,-0.1125224307179451,0.060522034764289856,-1.2855809926986694,4.258537292480469,0.0001121802564728952,-0.0008747633905309244,0.0050920103676617146,-0.24094954120212195,-165893.50606297347,-20165.05319791734,-794.8712904388764,167116.47598219934
113546,876.3638308979571,79.74979804154792,1.0,0.0,-0.30000001192092896,-15.498053073883057,6,0,0,3478.0244140625,-357.91357421875,-13.048954010009766,-0.10519152134656906,0.07049952447414398,-1.3477067947387695,4.18877649307251,0.00011575724555105452,-0.0008844671745521727,0.005776786711066961,-7.93244302947023,165769.16829046182,25138.26826226639,875.9993430027744,167666.6844122173
113553,876.4164204970002,79.13727365778176,1.0,0.0,-0.4000000059604645,-19.80156707763672,6,0,0,-1815.571533203125,-1408.852783203125,-69.33476257324219,-0.11332212388515472,0.08484868705272675,-1.4102799892425537,4.115930557250977,0.00011987381178103215,-0.000894159919859172,0.006438865326344967,-81.832036791613,-100658.61013551617,-19983.78440045639,-1070.2840407106,102628.71401954505
113560,876.467152196914,78.37054058835407,1.0,0.0,-0.4000000059604645,-19.841614723205566,6,0,0,-216.7108154296875,-1048.6142578125,-55.447879791259766,-0.10850886255502701,0.09596750140190125,-1.4630393981933594,4.042634963989258,0.0001236894702026485,-0.0009020661075441735,0.00694629643112421,-0.789400821122518,31516.009132199462,7100.856584800899,273.73186401391024,32307.211656101903
113566,876.5131617970765,77.58624835785851,1.0,0.0,-0.4000000059604645,-19.882655143737793,6,0,0,-1552.693603515625,-1296.6314697265625,-76.16790771484375,-0.09977700561285019,0.10456398874521255,-1.4973552227020264,3.9741928577423096,0.00012856721063069472,-0.0009110067804500726,0.0075435638427734375,-0.8919968960232565,-29037.044081392592,-5390.553515745945,-450.3414037592319,29536.60108358437
113573,876.5663327947259,76.5691848583624,1.0,0.0,-0.4000000059604645,-19.93547534942627,6,0,0,2699.45068359375,-303.893310546875,-13.346641540527344,-0.09117941558361053,0.11333289742469788,-1.5235165357589722,3.8935177326202393,0.00013386534780658965,-0.000919558424383069,0.008115539327263832,-0.9934025695122833,79971.12100744757,18670.670159793528,1181.494968149961,82130.20181250859
113580,876.6177580952644,75.38567921320934,1.0,0.0,-0.5,-24.591809272766113,6,0,0,1477.010009765625,-855.9207763671875,-57.024784088134766,-0.0838315337896347,0.12412814795970917,-1.5368200540542603,3.814495325088501,0.0001387966277128372,-0.0009266443190416735,0.008580093272030354,-90.54558504427655,-23771.191631869726,-10734.550115202615,-849.3512354852165,26096.38893211262
113586,876.6636429950595,73.89045444611915,1.0,0.0,-0.5,-24.66816234588623,6,0,0,-3911.62353515625,-2366.613525390625,-173.9314727783203,-0.27352750301361084,0.08659428358078003,-1.659659504890442,3.7426486015319824,0.00014486029286539545,-0.0009344125570803603,0.0090262982994318,-1.6640130731710803,-117438.05846782213,-32923.52725560995,-2547.824866401551,121992.40810473559
113593,876.7156945951283,72.3028245179264,1.0,0.0,-0.5,-24.769434928894043,6,0,0,1710.680908203125,-505.60205078125,-59.4838981628418,-0.07314445823431015,0.16025441884994507,-1.7011423110961914,3.654897451400757,0.00015127829388893066,-0.0009416484685512724,0.009331855922937393,-1.9456190179348785,108014.05597382571,35753.20397738557,2198.7330737996326,113798.77991303382
113599,876.7643650956452,70.74092614878744,1.0,0.0,-0.5,-25.19875431060791,6,0,0,-1088.5924072265625,-1543.747314453125,-113.09391021728516,-0.07259023189544678,0.15643328428268433,-1.7160365581512451,3.5712077617645264,0.00015721926476111077,-0.0009475673448546458,0.00905689224600792,-8.820936237647043,-57514.7838156745,-21330.071658325734,-1101.488817355342,61352.55163339047
113606,876.8188343979418,68.81185340794953,1.0,0.0,-0.6000000238418579,-29.550223350524902,6,0,0,269.5845947265625,-911.3612670898438,-76.72361755371094,-0.016967251896858215,0.16208688914775848,-1.7584377527236938,3.4766845703125,0.00016336947411902422,-0.0009530230751037571,0.009283370338380337,-79.88846664895757,24934.723682644697,11609.95314240161,667.7209204094903,27513.22060984784
113612,876.8653354980052,67.00572870654908,1.0,0.0,-0.6000000238418579,-29.683890342712402,6,0,0,-1670.500732421875,-1559.682861328125,-143.71273803710938,-0.06061544269323349,0.16501125693321228,-1.7642849683761597,3.393540859222412,0.0001708781481045504,-0.0009589341351747686,0.008665160275995731,-2.8744909691485967,-41721.27808818459,-13942.070044696016,-1440.59216646863,44012.74438424548
113618,876.9140131957829,65.11522785362352,1.0,0.0,-0.6000000238418579,-29.81172466278076,6,0,0,-594.6519165039062,-1082.812255859375,-76.97868347167969,-0.14336341619491577,0.1732320785522461,-1.6838023662567139,3.309586763381958,0.00017725801071321725,-0.0009633638820699219,0.008178900927305222,-2.626137346347466,22101.47285169613,9796.490533427414,1370.9369508419034,24214.165216025467
113624,876.9612843953073,63.25424860143983,1.0,0.0,-0.6000000238418579,-29.977511405944824,6,0,0,385.77435302734375,-558.667724609375,-47.16014862060547,-0.1603221595287323,0.180009663105011,-1.608112096786499,3.2308690547943115,0.00018403087897445023,-0.00096746767835933,0.008421286940574646,-3.5071406021435756,20740.456755812353,11088.031116693432,630.7970847171144,23526.769549739965
113631,877.0175916962326,61.03096440945446,1.0,0.0,-0.699999988079071,-34.76794242858887,6,0,0,3707.366455078125,865.0625,81.35346984863281,-0.1757025122642517,0.19747129082679749,-1.3652307987213135,3.1480982303619385,0.0001918545505558387,-0.0009715427465663901,0.00807342492043972,-85.07655213314354,58990.433699886125,25285.002143848218,2282.361547392119,64221.583410471
113637,877.0649598948658,58.83668845103577,1.0,0.0,-0.699999988079071,-34.95869064331055,6,0,0,-3393.52197265625,-2798.489501953125,-236.9368896484375,-0.2500695586204529,0.182747945189476,-1.2794755697250366,3.085559368133545,0.00019841279810113626,-0.0009744424316781434,0.007600173354148865,-4.026925663751334,-149908.3484833709,-77342.01653566443,-6719.494696469703,168817.8073420889
113643,877.1140484958887,56.85621208326322,1.0,0.0,-0.699999988079071,-35.12455749511719,6,0,0,841.54248046875,-436.57568359375,-35.919002532958984,-0.2067444622516632,0.18019217252731323,-1.0734400749206543,3.02884840965271,0.00020511360618432437,-0.0009768841129938347,0.00801822543144226,-3.378928067823009,86273.88772281897,48115.32146240442,4095.0013430095996,98868.78626866691
113649,877.1643799953163,54.726924820971206,1.0,0.0,-0.699999988079071,-35.2770299911499,6,0,0,112.01904296875,-912.7217407226562,-71.46279907226562,-0.20219264924526215,0.16335515677928925,-0.9394314885139465,2.9782631397247314,0.000211752672887538,-0.000978831520452355,0.008005446754395962,-3.0293652636391486,-14494.371234658245,-9460.20012406409,-706.193873490009,17322.843117178698
113655,877.2131184972823,52.742373724284434,1.0,0.0,-0.699999988079071,-35.405898094177246,6,0,0,-1170.4166259765625,-1344.900146484375,-119.3468017578125,-0.17275401949882507,0.1463511884212494,-0.8817095160484314,2.934706687927246,0.00021838272349808415,-0.0009802763578771617,0.00825683493167162,-2.64407189037618,-26312.57870502361,-8867.289480156984,-982.4676745081572,27783.913755344445
113661,877.2631522975862,50.84953645903729,1.0,0.0,-0.699999988079071,-35.53241443634033,6,0,0,37.40228271484375,-742.1177978515625,-60.402286529541016,-0.13409936428070068,0.13251616060733795,-0.8342515230178833,2.8921902179718018,0.000224719065461736,-0.0009811798869232085,0.00851699709892273,-2.5286174824728094,24140.059346968912,12047.502787538477,1178.093905923722,27005.049415657493
113667,877.3137901946902,49.04453430498247,1.0,0.0,-0.699999988079071,-35.642014503479004,6,0,0,337.26934814453125,-691.0271606445312,-47.71575164794922,-0.12317929416894913,0.11628829687833786,-0.7752135396003723,2.851679563522339,0.0002313145600973084,-0.0009816095740179777,0.00830512959510088,-2.16438820343431,5921.791436434925,1008.9407366596663,250.53439433967776,6012.349183927404
113673,877.3636717945337,47.42507958314264,1.0,0.0,-0.699999988079071,-35.75072193145752,6,0,0,530.4384155273438,-701.2137451171875,-58.605098724365234,-0.06938517838716507,0.11082590371370316,-0.7919710278511047,2.8120086193084717,0.00023744737148188516,-0.0009814963757747946,0.008831214159727097,-2.179309170507222,3872.5515618756995,-204.2152718560656,-218.3038858132082,3884.0720980958004
113679,877.413716096431,45.942117934973815,1.0,0.0,-0.699999988079071,-35.047027587890625,6,0,0,288.70416259765625,-881.7028198242188,-66.0481948852539,-0.02317517250776291,0.10948789864778519,-0.8228113055229187,2.771540641784668,0.00024325544926182783,-0.0009809196886601125,0.00897476077079773,14.061427912635905,-4830.405136349611,-3606.585922158994,-148.73014266769343,6030.124082514894
113685,877.46529359743,44.76551796482488,1.0,0.0,0.0,-22.615015983581543,6,0,0,-388.79095458984375,-1029.592041015625,-84.39720153808594,-0.004704028367996216,0.0947793573141098,-0.9272720217704773,2.7254273891448975,0.00024899546068424017,-0.0009798524301141496,0.009170607663691044,241.03555549456382,-13135.477758043746,-2867.320407678312,-355.75602341022864,13449.493098274861
113691,877.5163826979697,44.40033188874203,1.0,0.0,0.0,-9.335837364196777,6,0,0,750.7462158203125,-836.5287475585938,-63.14268493652344,0.06541329622268677,0.07978484034538269,-0.9595259428024292,2.6761815547943115,0.000254514286441101,-0.0009782976854918067,0.009571494534611702,259.92194967437223,22304.897881789915,3778.952681053098,416.02839699737336,22626.57801148514
113696,877.5651060976088,44.70289532939364,1.0,0.0,0.10000000149011612,2.406675100326538,6,0,0,-3191.53564453125,-918.9072265625,-72.51054382324219,0.19343987107276917,0.04156315326690674,-0.6704735159873962,2.6358838081359863,0.00025979495708038124,-0.0009763266922098664,0.00959522183984518,241.003553764605,-80911.46942844945,-1690.7375021866967,-192.26611763756006,80929.36083172906
113702,877.6169433966279,45.10858015622433,1.0,0.0,0.10000000149011612,5.712959289550781,6,0,0,1050.4248046875,-32.575897216796875,1.1072521209716797,0.26170071959495544,-0.00010943412780761719,-0.2013813555240631,2.6156814098358154,0.0002647045623687201,-0.0009742357814669212,0.009112128987908363,63.78195337697123,81832.20440663576,17098.331628334923,1420.1703664593144,83611.47951323254
113707,877.6655109971762,45.522530997890776,1.0,0.0,0.10000000149011612,5.705042600631714,6,0,0,330.291015625,-131.7137451171875,-0.7280387878417969,0.22422859072685242,-0.01803738623857498,0.08209836483001709,2.6144649982452393,0.00027024238019925415,-0.0009717135381070873,0.008004341274499893,-0.1630035008873793,-14827.452477229504,-2041.2342133695822,-37.78837925068032,14967.34485605033
113713,877.7182133980095,46.015104326111434,1.0,0.0,0.10000000149011612,6.379205703735352,6,0,0,374.4462890625,-98.3673095703125,3.9291343688964844,0.20322485268115997,-0.02346024662256241,0.2566692531108856,2.6246683597564697,0.0002749414442964788,-0.0009694532756610897,0.006943931337445974,12.791885994628052,837.8228076764062,632.7308627230858,88.36738143036573,1053.6148232660437
113718,877.7640095949173,46.38736011361317,1.0,0.0,0.20000000298023224,11.112367630004883,6,0,0,47.19540786743164,4.651845932006836,10.016595840454102,0.2467922866344452,-0.0245886892080307,0.45086976885795593,2.641235113143921,0.00028066448626704065,-0.0009666159147194209,0.005654296837747097,103.35272895701186,-7145.809112800502,2249.5133320746554,132.92504361920695,7492.700926567501
113724,877.8188064955175,46.803037419388055,1.0,0.0,0.20000000298023224,11.098784446716309,6,0,0,2089.3017578125,243.427001953125,6.235546112060547,0.20495426654815674,-0.02165423333644867,0.6321318745613098,2.67231822013855,0.00028528897047966725,-0.0009643801979858491,0.004583396948873997,-0.24788232801119228,37266.82216654064,4357.457327071319,-69.0011604119833,37520.77064653591
113729,877.8621353954077,47.13948439435522,1.0,0.0,0.20000000298023224,11.087276935577393,6,0,0,-3463.670166015625,138.5589599609375,26.53742218017578,0.20016002655029297,-0.01648954302072525,0.7109082341194153,2.7019004821777344,0.0002908984371076763,-0.0009618038580698837,0.003253135597333312,-0.2655851214335329,-128158.61787171934,-2420.2793576105537,468.55277008116144,128182.32572650805
113735,877.9159419946373,47.5516314357831,1.0,0.0,0.20000000298023224,11.074446201324463,6,0,0,2868.51220703125,199.328369140625,0.6668519973754883,0.1633240282535553,-0.008295588195323944,0.7665976285934448,2.7420098781585693,0.00029600692780197324,-0.0009596071539351592,0.0021543120965361595,-0.23846023418401466,117684.12171952434,1129.4043862613466,-480.8066399517184,117690.52312819648
113740,877.9631706960499,47.810286074731046,1.0,0.0,0.30000001192092896,16.126964569091797,6,0,0,-1102.59326171875,336.4766845703125,15.765070915222168,0.17452219128608704,0.0021245330572128296,0.8604043126106262,2.7803001403808594,0.0003017917625750967,-0.0009573149409250559,0.0010651778429746628,106.97982829591561,-84082.46151108491,2903.918831714316,319.6831262820581,84133.19960423169
113746,878.0165406949818,47.99167526127457,1.0,0.0,0.30000001192092896,16.241754055023193,6,0,0,-617.390625,370.65960693359375,19.384174346923828,0.13610216975212097,0.012199990451335907,0.9977492690086365,2.8307583332061768,0.0003068077611853994,-0.0009555385306930316,0.0004399871686473489,2.1508242126423944,9091.299352244807,640.4894706276524,67.81157024793389,9114.085202760134
113752,878.0681584961712,48.19024804519193,1.0,0.0,0.30000001192092896,16.232830047607422,6,0,0,650.0945434570312,351.6339111328125,10.092940330505371,0.13184086978435516,0.020811118185520172,1.0810370445251465,2.884953737258911,0.0003133272189634673,-0.0009535751479533733,0.0008928298484534025,-0.17288623711465204,24555.194898862937,-368.5878778710928,-180.00057736520543,24558.62076242698
113757,878.1139385960996,48.36510493303909,1.0,0.0,0.30000001192092896,16.22457218170166,6,0,0,400.2476806640625,410.7499694824219,1.4945650100708008,0.10614755004644394,0.027541078627109528,1.1285667419433594,2.935805559158325,0.00031924133010741986,-0.0009521139238667472,0.0017573547083884478,-0.18038112452093344,-5457.542975743677,1291.3047031809417,-187.81905967628617,5611.374089091196
113763,878.1648143976927,48.41533270848624,1.0,0.0,0.4000000059604645,21.224267959594727,6,0,0,-371.6855163574219,486.1854248046875,-4.755715847015381,0.11721964180469513,0.03958761692047119,1.2187411785125732,2.995542049407959,0.0003243198928589732,-0.0009510995962984521,0.002505989046767354,98.2725700890885,-15172.895027696319,1482.73743037295,-122.85370768365722,15245.666493873341
113769,878.2172488979995,48.35421812042153,1.0,0.0,0.4000000059604645,21.227944374084473,6,0,0,879.206787109375,509.20330810546875,-9.103368759155273,0.10736830532550812,0.0506480410695076,1.3228188753128052,3.0627636909484863,0.0003309155589033301,-0.0009501582887966014,0.003392295679077506,0.07011441833586389,23856.283480277725,438.98355407377716,-82.91588337254274,23860.466112291993
113775,878.2682201974094,48.29860509893019,1.0,0.0,0.4000000059604645,21.23130989074707,6,0,0,1132.59228515625,635.767333984375,-16.710933685302734,0.08598773181438446,0.05883689224720001,1.3944768905639648,3.1324968338012695,0.0003369370746799184,-0.0009496897947943844,0.00413997657597065,0.06602768031348648,4971.140641508308,2483.044916339875,-149.2519322486586,5558.779315056219
113780,878.3126156963408,48.23888620474798,1.0,0.0,0.4000000059604645,21.234898567199707,6,0,0,-3509.92138671875,756.539794921875,-22.968704223632812,0.08229649811983109,0.06539945304393768,1.4389241933822632,3.195695161819458,0.0003428976718377855,-0.0009495942859195279,0.004789466969668865,0.08083424083556999,-104571.71973780025,2720.3762508468762,-140.95506726928508,104607.19327177363
113786,878.3628306947649,48.068563445388136,1.0,0.0,0.5,25.795126914978027,6,0,0,2656.40966796875,318.1982421875,-6.901741027832031,0.07917314767837524,0.07550548017024994,1.4952397346496582,3.269491672515869,0.0003482989969949213,-0.0009498372061969476,0.005293350201100111,90.81406931985389,122798.59102283277,-8729.295359778554,319.9634312465624,123108.88242230343
113792,878.4119705967605,47.72831419554453,1.0,0.0,0.5,24.92480754852295,6,0,0,-617.7994384765625,769.6018676757812,-30.25562286376953,0.08042944967746735,0.08659015595912933,1.5690186023712158,3.345248222351074,0.0003543345339953932,-0.000950501585955666,0.005751686170697212,-17.711052141128896,-66630.35483331984,9186.091285411176,-475.2529184531266,67262.28009556704
113798,878.4645782969892,47.75743757843651,1.0,0.0,0.0,11.936501026153564,6,0,0,1319.158935546875,607.01611328125,-22.23554039001465,0.011202273890376091,0.0766582190990448,1.503296136856079,3.42720365524292,0.00036106979520851356,-0.0009517797456519879,0.006243400275707245,-246.88983677119273,36818.91368760238,-3090.531494206251,152.45073323659383,36948.708113787405
113804,878.5150891952217,48.20762802469376,1.0,0.0,0.0,0.0,6,0,0,-2108.41015625,620.5859375,-24.627178192138672,-0.11476367712020874,0.04578450322151184,1.0629088878631592,3.4917469024658203,0.00036585607200434825,-0.0009529928386411569,0.006551856640726328,-236.31535854341158,-67858.01107758172,268.65141372658405,-47.34894618419349,67858.55939312303
113810,878.5647476948798,48.623327081455145,1.0,0.0,0.0,0.0,6,0,0,2095.41552734375,19.033447265625,-0.7039070129394531,-0.08828626573085785,0.02266543358564377,0.6371607780456543,3.531329870223999,0.00037206918832083705,-0.0009547687003667646,0.0064691160805523396,0.0,84654.70589197292,-12113.787053092317,481.7558191227644,85518.39074195304
113816,878.6159546971321,49.03302354999399,1.0,0.0,0.0,0.0,6,0,0,-477.9427185058594,420.72369384765625,-8.309188842773438,-0.06336981058120728,0.009809330105781555,0.3715267479419708,3.5554933547973633,0.0003775776095750247,-0.0009565184394207044,0.006036414764821529,0.0,-50254.03036031072,7844.439801466268,-148.52034868896078,50862.80430282855
113822,878.6651814952493,49.45324898390817,1.0,0.0,0.0,0.0,6,0,0,1584.73583984375,243.666015625,-2.8394508361816406,-0.06161590665578842,0.003756195306777954,0.2152445763349533,3.568990468978882,0.0003834576789693885,-0.0009586063333732486,0.005527915898710489,0.0,41901.538130519715,-3596.774216378147,111.11301599534683,42055.77283286236
113828,878.7138945944607,49.89900135430553,1.0,0.0,0.0,0.0,6,0,0,-1912.15576171875,401.96923828125,1.4404220581054688,-0.0746484249830246,0.0005976557731628418,0.12147408723831177,3.576624631881714,0.0003890290071820352,-0.0009607711555082868,0.0050750733353197575,0.0,-71785.44699821196,3249.705422541184,87.85876824853592,71859.01965118611
113834,878.762976795435,50.3694949734829,1.0,0.0,0.0,0.0,6,0,0,1245.891357421875,148.5106201171875,1.6427621841430664,-0.07854731380939484,-0.000665321946144104,0.06598815321922302,3.580873727798462,0.00039465090093351873,-0.0009631025182452443,0.004621238447725773,0.0,64342.002935014585,-5163.96194818481,4.122474583889389,64548.8951236698
113841,878.8190316967666,50.92125307071946,1.0,0.0,0.0,0.0,6,0,0,571.4164428710938,148.67523193359375,4.0938544273376465,-0.08460241556167603,-0.0012049973011016846,0.03178932145237923,3.583369255065918,0.0004012591826508479,-0.0009659829370301008,0.004067802336066961,0.0,-12032.398568683197,2.93661771755305,43.72663558342681,12032.478379703514
113847,878.8682409971952,51.411412587305804,1.0,0.0,0.0,0.0,6,0,0,-12.070785522460938,117.13104248046875,7.3336076736450195,-0.0767567977309227,-0.0011275410652160645,0.01626267470419407,3.584447145462036,0.00040691580378592697,-0.000968531920133673,0.003583297599107027,0.0,-11857.255098349138,-641.0208878883648,65.83619799688422,11874.752235352218
113853,878.9199315980077,51.924193863319,1.0,0.0,-0.10000000149011612,-3.17920184135437,6,0,0,-2296.740478515625,76.733642578125,15.889774322509766,-0.09586357325315475,-0.0016135349869728088,-0.025889478623867035,3.5845870971679688,0.0004125074953409209,-0.000971102500721645,0.0031129454728215933,-61.504447450522825,-44198.93862877182,-781.5231254310628,165.52654669098754,44206.15741436006
113859,878.9690136946738,52.36193290203829,1.0,0.0,-0.10000000149011612,-5.58955454826355,6,0,0,588.6650390625,-74.3079833984375,8.253644943237305,-0.12031501531600952,-0.0029417723417282104,-0.201337069272995,3.578240156173706,0.0004185834847721661,-0.000973911476399361,0.002615775913000107,-49.10859296224965,58787.3321143421,-3077.326280580249,-155.57871195317023,58868.02662646949
113865,879.0179735980928,52.80903684984787,1.0,0.0,-0.10000000149011612,-5.582108497619629,6,0,0,416.052001953125,-123.144775390625,8.303722381591797,-0.10228985548019409,-0.0029087066650390625,-0.3156442940235138,3.5648691654205322,0.0004246718156230656,-0.0009766364618599935,0.0020335388835519552,0.15208466773708104,-3525.6000329920153,-997.4854642629366,1.0228255134800839,3663.991524310772
113871,879.0671841949224,53.26556201779593,1.0,0.0,-0.10000000149011612,-5.574446678161621,6,0,0,789.3075561523438,-138.3729248046875,7.955436706542969,-0.08588869124650955,-0.001753300428390503,-0.3824979364871979,3.5472617149353027,0.00043075496993405564,-0.0009792664869527363,0.0014194106915965676,0.155694503859198,7584.8613560058775,-309.44858211690064,-7.0774527741342474,7591.174501033634
113877,879.1175609976053,53.70431307020335,1.0,0.0,-0.20000000298023224,-9.292300701141357,6,0,0,739.2786865234375,-187.744873046875,9.052264213562012,-0.0938861295580864,0.001263730227947235,-0.46073460578918457,3.5262110233306885,0.0004366454609715578,-0.0009817192755465294,0.0008811187581159174,-73.80091282060384,-993.0933875228131,-980.0532311068911,21.772471625950608,1395.4256886933451
113883,879.1673918962479,54.03257854763544,1.0,0.0,0.0,-7.551780700683594,6,0,0,-1025.70947265625,-332.192138671875,19.442611694335938,-0.10468043386936188,0.0055838823318481445,-0.6166321039199829,3.49824857711792,0.0004429686216131116,-0.0009842090883993581,0.000576400721911341,34.928529243337884,-35419.55307370156,-2898.748960182052,208.51214334520998,35538.584141589556
113889,879.2167735956609,54.5338356960458,1.0,0.0,0.0,0.0,6,0,0,740.3958129882812,-147.94549560546875,11.430609703063965,0.00815851241350174,0.0026427265256643295,-0.42163997888565063,3.4723832607269287,0.0004492966845408227,-0.0009864992445075575,0.0009062957833521068,152.92670747346125,35764.36831125759,3731.0713332331006,-162.2463804709169,35958.827259588645
113895,879.267264097929,55.043844994915545,1.0,0.0,0.0,0.0,6,0,0,1446.2911376953125,-11.8331298828125,2.921701431274414,0.004336464684456587,0.001272694207727909,-0.2391006350517273,3.456901788711548,0.00045552344498220174,-0.000988711032600947,0.0012844466837123036,0.0,13980.75465676945,2695.8013806235626,-168.5249282451593,14239.285322936421
113901,879.3167041949928,55.53997429204768,1.0,0.0,0.0,0.0,6,0,0,-1344.375732421875,-149.5091552734375,9.422115325927734,-0.0009729313314892352,0.0005494721699506044,-0.1365550011396408,3.448272705078125,0.00046210553546445536,-0.0009910040683737968,0.001455230638384819,0.0,-56445.41649093262,-2784.7037843193766,131.4806054338346,56514.21861045994
113907,879.3642786964774,56.018984515809606,1.0,0.0,0.0,0.0,6,0,0,-421.43438720703125,-106.62942504882812,9.260974884033203,0.002078317105770111,0.00020701787434518337,-0.07932531833648682,3.4434821605682373,0.0004684936942495309,-0.0009931666279155023,0.00153179164044559,0.0,19399.916266342214,901.3174891272456,-3.3871178229073573,19420.842819761016
113913,879.4112943969667,56.49506010215988,1.0,0.0,0.0,0.0,6,0,0,332.4107360839844,-73.27157592773438,7.830449104309082,0.007680079434067011,4.182010889053345e-05,-0.04604630172252655,3.440734386444092,0.0004748138723813436,-0.000995251367949942,0.001570205669850111,0.0,16033.901769959957,709.5044585945877,-30.4265546367902,16049.620815480897
113920,879.4663617946208,57.05527255111432,1.0,0.0,0.0,0.0,6,0,0,2130.4609375,-43.760986328125,3.1972055435180664,0.01335081271827221,-5.223974585533142e-05,-0.024088526144623756,3.4389541149139404,0.00048220038345299913,-0.0009976334676348013,0.0015719603979960084,0.0,32651.809927748818,535.8994769464192,-84.13768869010114,32656.315759097593
113926,879.5140993967652,57.54228347789512,1.0,0.0,0.0,0.0,6,0,0,-1618.017333984375,-73.709716796875,13.028453826904297,0.016130592674016953,-8.206069469451904e-05,-0.013595874421298504,3.4381189346313477,0.0004887010891289692,-0.0009996935248299894,0.0015343856066465378,0.0,-78522.55042344725,-627.3614325685855,205.9434877694855,78525.32661562157
113932,879.5644633956254,58.056766975769115,1.0,0.0,0.0,0.0,6,0,0,-827.4469604492188,-39.41644287109375,11.480175971984863,0.01798206940293312,-9.099766612052917e-05,-0.0073422775603830814,3.437633752822876,0.0004952771117465462,-0.0010017522793197965,0.0014659499283879995,0.0,15697.132702485738,680.9084803020944,-30.741757802424843,15711.924022654492
113938,879.6138548962772,58.561579570763364,1.0,0.0,0.0,0.0,6,0,0,1693.739013671875,-16.185791015625,4.856048583984375,0.01717696338891983,-7.865391671657562e-05,-0.003973205573856831,3.43737530708313,0.0005023565957225649,-0.001003948709202295,0.0013708495534956455,0.0,51044.93568424014,470.33703266525526,-134.11472218052967,51047.27870015418
113944,879.6653305962682,59.087764885882045,1.0,0.0,0.0,0.0,6,0,0,-33.083885192871094,-20.063148498535156,9.763293266296387,0.015458271838724613,-6.598606705665588e-05,-0.0020483422558754683,3.4372332096099854,0.0005090422512847228,-0.001006010000539526,0.0012733459006994963,0.0,-33546.37040714499,-75.3240360711752,95.33128608588437,33546.59042671684
113950,879.7150671966374,59.596138852440006,1.0,0.0,0.0,0.0,6,0,0,-1323.9537353515625,-14.371337890625,13.542407989501953,0.014260968193411827,-5.5767595767974854e-05,-0.0010573593899607658,3.4371626377105713,0.0005160447042330507,-0.0010081594644639163,0.0011710738763213158,0.0,-25954.12313218112,114.43907636745438,75.98257008222639,25954.486649008788
113956,879.7612639963627,60.068266853517734,1.0,0.0,0.0,0.0,6,0,0,-89.85458374023438,-7.118354797363281,10.189642906188965,0.012580790556967258,-4.660990089178085e-05,-0.0005597963463515043,3.4371280670166016,0.0005230754738831316,-0.0010103111909819332,0.0010770034277811646,0.0,26713.953324685008,157.0018515652827,-72.57570011883854,26714.513266146023
113963,879.8173563964665,60.599414455670676,1.0,0.0,-0.10000000149011612,-5.455382347106934,6,0,0,3464.47119140625,-66.37744140625,0.8072738647460938,-0.04201016575098038,0.0015470422804355621,-0.13878057897090912,3.4338860511779785,0.0005311370948915356,-0.0010127687104538176,0.000985107384622097,-97.25706757084606,63365.54985289751,-1056.4548227428108,-167.26631458235664,63374.57678732482
113969,879.8646997958422,61.027158445138916,1.0,0.0,-0.10000000149011612,-5.4506676197052,6,0,0,-2511.406005859375,-213.800537109375,17.925703048706055,-0.04534929618239403,0.0025514736771583557,-0.2813277244567871,3.4231295585632324,0.0005381191502156972,-0.0010148177289349574,0.0009960937313735485,0.09958573874937277,-126224.08352738101,-3113.9102313566505,361.58005993871734,126263.00503075297
113975,879.9136001951993,61.47885015300603,1.0,0.0,-0.10000000149011612,-5.44563364982605,6,0,0,783.0118408203125,-171.2142333984375,8.270833969116211,-0.040266912430524826,0.0033919885754585266,-0.3751613199710846,3.4065165519714355,0.0005450468004482242,-0.0010167505323810193,0.001166763249784708,0.10294332858902316,67369.95791431461,870.8784441608303,-197.43947302123377,67375.87580867897
113981,879.9611534960568,61.91835212587933,1.0,0.0,-0.10000000149011612,-6.0173561573028564,6,0,0,-705.50146484375,-197.66943359375,9.817859649658203,-0.04046750068664551,0.004342909902334213,-0.43281465768814087,3.386977195739746,0.0005520802783542935,-0.00101861401818672,0.0014023208059370518,-12.022772282191795,-31301.997523226022,-556.3273152070914,32.532456267892684,31306.957811106535
113987,880.0111914947629,62.265046665427214,1.0,0.0,-0.20000000298023224,-10.628974914550781,6,0,0,1037.568115234375,-261.601806640625,4.670082092285156,-0.08188911527395248,0.009563878178596497,-0.5867255926132202,3.3612873554229736,0.000560815192368311,-0.0010207662246492276,0.001710014301352203,-92.16233415597247,34834.91796536518,-1277.6764598916332,-102.87736701078836,34858.49323396704
113993,880.0627352967858,62.61891574466713,1.0,0.0,0.0,-5.185446739196777,6,0,0,-336.080078125,-401.94720458984375,5.596705436706543,-0.05870024114847183,0.012244544923305511,-0.6966689229011536,3.326735019683838,0.0005682952582572977,-0.0010223876815029205,0.0020568848121911287,105.609752515578,-26650.113873015856,-2722.8375176276927,17.97739607972834,26788.85471196712
113999,880.1125968955457,63.12530793321669,1.0,0.0,0.0,0.0,6,0,0,-1342.5040283203125,-203.415283203125,7.7310614585876465,0.02759464830160141,0.006554009392857552,-0.4644816517829895,3.2983851432800293,0.0005760020977324564,-0.0010238695431876847,0.0024873733054846525,103.99680050708945,-20184.349784726815,3981.6597607059625,42.805607420635965,20573.366836817284
114006,880.1684465967119,63.67675516023853,1.0,0.0,0.0,0.0,6,0,0,4027.581787109375,44.0224609375,-3.3498764038085938,0.011224672198295593,0.0032403022050857544,-0.27360042929649353,3.2789926528930664,0.0005836467844469703,-0.0010252816072879646,0.0026484678965061903,0.0,96152.45387712412,4430.421989268972,-198.4063948602058,96254.67464332837
114012,880.2146280966699,64.12863408274502,1.0,0.0,0.0,0.0,6,0,0,-2407.119873046875,-308.344970703125,9.650992393493652,0.00662583764642477,0.0017911535687744617,-0.17637349665164948,3.2691352367401123,0.0005912196852371713,-0.0010265914432954406,0.002617149380967021,0.0,-139335.05117856676,-7630.0560172535515,281.5168153722846,139544.0915749484
114018,880.2641757950187,64.61716685433679,1.0,0.0,0.0,0.0,6,0,0,2855.532470703125,-91.89111328125,0.5856037139892578,0.009796962141990662,0.000945025123655796,-0.10906986892223358,3.2624683380126953,0.0005986115785391202,-0.001027779099248316,0.0025482177734375,0.0,106213.86096901595,4368.595608584701,-182.96286167914715,106303.821027024
114024,880.3144314959645,65.11841398738413,1.0,0.0,0.0,0.0,6,0,0,-3280.128662109375,-255.784423828125,14.841195106506348,0.017255375161767006,0.0004321690648794174,-0.06617822498083115,3.258324146270752,0.0006063735773038236,-0.0010289396726414824,0.0024660490453243256,0.0,-122088.85792724491,-3261.188431606092,283.66117921380015,122132.73534818593
114030,880.3616821952164,65.59415375858718,1.0,0.0,0.0,0.0,6,0,0,-196.59527587890625,-105.09416198730469,8.643125534057617,0.02312256582081318,0.00018656626343727112,-0.040901802480220795,3.2559380531311035,0.0006143429119187281,-0.0010300556112336234,0.002363777020946145,0.0,65259.00007939284,3189.164694420733,-131.1741343637531,65337.01148249636
114037,880.4192252978683,66.17734783679657,1.0,0.0,0.0,0.0,6,0,0,587.426025390625,-69.1156005859375,6.998875617980957,0.02917337976396084,1.1816620826721191e-05,-0.02236090786755085,3.254244327545166,0.0006236238651891263,-0.0010312798115017987,0.0022127151023596525,0.0,13624.939656334927,625.2454202731486,-28.574231146784385,13639.308228829874
114043,880.4666296951473,66.65957103362256,1.0,0.0,0.0,0.0,6,0,0,-719.2188720703125,-67.7740478515625,10.900543212890625,0.029274269938468933,-3.647804260253906e-05,-0.0134055707603693,3.253448247909546,0.0006316289899210384,-0.0010322868027838159,0.0020574950613081455,0.0,-27563.79096584595,28.300174907373435,82.30602684270619,27563.928377334123
114049,880.515475794673,67.15723750464142,1.0,0.0,0.0,0.0,6,0,0,138.48751831054688,-38.91095733642578,8.975057601928711,0.028964584693312645,-5.671754479408264e-05,-0.007787433918565512,3.252964496612549,0.0006395713791030425,-0.0010332529302540955,0.0018900680588558316,0.0,17559.362952404375,590.8985731799627,-39.41943429790593,17569.34666713187
114055,880.5638605952263,67.65048535951746,1.0,0.0,0.0,0.0,6,0,0,1450.24072265625,-23.8526611328125,5.53829288482666,0.026238376274704933,-5.5320560932159424e-05,-0.004462745506316423,3.2526891231536865,0.0006476654991833526,-0.0010342126813242733,0.0017160414718091488,0.0,27110.852774935025,311.21955720409517,-71.02984155767282,27112.732083568786
114061,880.6119241975248,68.1404969368948,1.0,0.0,0.0,0.0,6,0,0,-494.93316650390625,-27.52191162109375,11.23953628540039,0.024177001789212227,-5.227886140346527e-05,-0.0025083725340664387,3.2525341510772705,0.0006557056598343947,-0.001035148160935808,0.0015501022571697831,0.0,-40470.830236146016,-76.34156228019354,118.61872868301171,40471.07607217624
114067,880.6618153974414,68.64905336076043,1.0,0.0,0.0,0.0,6,0,0,514.606201171875,-16.1094970703125,8.532711029052734,0.021648405119776726,-4.485622048377991e-05,-0.001337005291134119,3.2524447441101074,0.0006640380378774726,-0.0010361042095801856,0.0013929366832599044,0.0,20234.818352000777,228.74604278627092,-54.254563146856015,20236.183979401358
114074,880.7178792953491,69.22037766705358,1.0,0.0,0.0,0.0,6,0,0,2013.8734130859375,-10.284423828125,4.4422407150268555,0.018403097987174988,-3.582611680030823e-05,-0.0006210245192050934,3.252394199371338,0.0006725637648284655,-0.0010370727367711703,0.0012511062668636441,0.0,26742.11511981298,103.90061090247421,-72.9608619214756,26742.416489645217
114080,880.7686959952116,69.72693756183884,1.0,0.0,-0.10000000149011612,-3.9268776178359985,6,0,0,-2561.40869140625,-29.499267578125,17.215576171875,-0.012122688814997673,0.000571603886783123,-0.05178401246666908,3.2516369819641113,0.0006820803706508124,-0.0010381458917756957,0.0011172485537827015,-77.27533721124927,-90035.01047635496,-378.12065328915673,251.3609795877195,90036.15534354991
114086,880.8168709948659,70.15288558795787,1.0,0.0,-0.10000000149011612,-5.349286794662476,6,0,0,-469.785400390625,-134.4622802734375,11.974790573120117,-0.04715212434530258,0.0024176351726055145,-0.22634795308113098,3.2440929412841797,0.0006907618737432179,-0.001039088776239263,0.0010365676134824753,-29.525878298573495,43417.1936901972,-2178.7859563784937,-108.78641694578313,43471.96396138923
114092,880.8675117976964,70.61084986720378,1.0,0.0,-0.10000000149011612,-5.344228506088257,6,0,0,-187.02151489257812,-148.55465698242188,11.14996337890625,-0.04532388597726822,0.0034733153879642487,-0.3542347550392151,3.228623390197754,0.0006994215050974771,-0.0010399187367130039,0.0011325073428452015,0.09988563157566026,5583.716483419962,-278.2810682556671,-16.287798536198927,5590.670390261481
114098,880.917020894587,71.08734139642338,1.0,0.0,0.0,0.0,6,0,0,1008.3410034179688,-127.2100830078125,7.0023040771484375,0.0011595600517466664,0.002814866602420807,-0.34931817650794983,3.2098424434661865,0.0007080067451166169,-0.0010406346076183835,0.0013552092714235187,107.94437470527646,24144.30061105356,431.124284527679,-83.77570107803636,24148.29473303906
114104,880.9670007973909,71.59449717623667,1.0,0.0,0.0,0.0,6,0,0,-254.49594116210938,-48.00360107421875,8.268844604492188,0.011419997550547123,0.0014329375699162483,-0.22471745312213898,3.196232557296753,0.000716551738395008,-0.0010412730703971622,0.0015825270675122738,0.0,-25266.894766381807,1584.766625985046,25.340996206278625,25316.55779446205
114110,881.0149906948209,72.07694639120714,1.0,0.0,0.0,0.0,6,0,0,1190.1702880859375,-50.205078125,4.735531806945801,0.0017441962845623493,0.0007627817103639245,-0.14713628590106964,3.187746524810791,0.000725437286292421,-0.0010419081050039177,0.0016558455536141992,0.0,30103.54900960163,-45.87376028454789,-73.62617939962071,30103.673998196016
114116,881.0646620951593,72.57523438114204,1.0,0.0,0.0,0.0,6,0,0,-630.8770141601562,-108.57965087890625,10.29144287109375,-6.0967111494392157e-05,0.00039240886690095067,-0.09461232274770737,3.18204927444458,0.000734116321100959,-0.001042475261802547,0.001652793842367828,0.0,-36661.887722900814,-1175.2149598400729,111.85332054855547,36680.88947631634
114122,881.1148828975856,73.08012256821173,1.0,0.0,0.0,0.0,6,0,0,-485.0870361328125,-91.11257934570312,10.337748527526855,0.0029806755483150482,0.00019187037833034992,-0.060178205370903015,3.17836856842041,0.0007432390985095271,-0.0010430117021790527,0.001640968257561326,0.0,2902.979860610202,347.8055046775309,0.9220413493198302,2923.7410265535955
114128,881.162889495492,73.56434202648371,1.0,0.0,0.0,0.0,6,0,0,1430.6297607421875,-48.8096923828125,5.461760520935059,0.006860754918307066,9.582145139575005e-05,-0.03878743201494217,3.176114320755005,0.000752377302692673,-0.0010434946630704161,0.0016257858369499445,0.0,39905.2813659507,881.1890200053963,-101.56912214657731,39915.138622723636
114134,881.2142991945148,74.08253678543313,1.0,0.0,-0.10000000149011612,-1.6229119896888733,6,0,0,780.9727783203125,-61.80157470703125,6.949554920196533,0.005103515926748514,0.00014651287347078323,-0.03244554251432419,3.174527168273926,0.0007616901379639381,-0.0010439393655609181,0.0015964888734743,-31.568206399536933,-12636.856367008386,-252.7126703944425,28.939955446977308,12639.416127938803
114140,881.2659119963646,74.5375906215555,1.0,0.0,-0.10000000149011612,-5.300462484359741,6,0,0,424.6418762207031,-167.83804321289062,7.875413417816162,-0.04200250282883644,0.002872578799724579,-0.19328099489212036,3.168400287628174,0.0007708458943883878,-0.00104432935442427,0.0015515517443418503,-71.25268078586438,-6903.9247885880795,-2054.4606125889645,17.93854362553778,7203.145679944825
114146,881.3185348957777,74.99790426497735,1.0,0.0,-0.10000000149011612,-5.2954559326171875,6,0,0,-2702.316650390625,-247.0712890625,15.872082710266113,-0.04189324006438255,0.0046363696455955505,-0.3367331922054291,3.153588056564331,0.0007802421028058005,-0.00104460641929786,0.0016022491035982966,0.0951401727839142,-59422.01135789898,-1505.6799745601186,151.9617767480503,59441.27857293834
114152,881.3676886968315,75.43081937395043,1.0,0.0,-0.10000000149011612,-5.290590763092041,6,0,0,921.290771484375,-159.46148681640625,6.3359575271606445,-0.03907792270183563,0.005965132266283035,-0.42737963795661926,3.1343092918395996,0.0007900769801285233,-0.0010447529393770082,0.0017974090296775103,0.09897850056041768,73719.78044814164,1782.3606794980046,-194.00585465761318,73741.5790255787
114158,881.4189029969275,75.85310307447335,1.0,0.0,-0.20000000298023224,-8.047043800354004,6,0,0,1347.64501953125,-202.4742431640625,5.540570259094238,-0.04477081820368767,0.0037892237305641174,-0.5168567895889282,3.1100282669067383,0.0007996648919313059,-0.0010447501968417327,0.0020249937660992146,-53.82194098314675,8324.90627124441,-839.8583260339486,-15.530569910648548,8367.177996876535
114164,881.4682116955519,76.1102528826683,1.0,0.0,-0.20000000298023224,-10.33414363861084,6,0,0,-1034.72412109375,-399.11383056640625,8.609100341796875,-0.08168315142393112,0.009869374334812164,-0.6914836764335632,3.0795066356658936,0.0008089972677838386,-0.0010445799538163134,0.0024879835546016693,-46.38329345659023,-48315.39276210859,-3987.928963615925,62.231009300779085,48479.73419764366
114170,881.5172585956752,76.34330066942235,1.0,0.0,-0.20000000298023224,-10.329445838928223,6,0,0,582.6661376953125,-380.3487243652344,2.253316879272461,-0.07642196863889694,0.017904631793498993,-0.8239173889160156,3.041581392288208,0.000818534031258608,-0.0010441528721352468,0.003163909772410989,0.09578178581728426,32976.401255148994,382.5951518643541,-129.58583410040174,32978.875227624456
114175,881.5609447956085,76.52757958810649,1.0,0.0,-0.20000000298023224,-10.325987815856934,6,0,0,-1053.151123046875,-484.75360107421875,3.7171058654785156,-0.06953652948141098,0.0274142324924469,-0.9087492823600769,3.0033183097839355,0.000828304664635913,-0.0010434303505803954,0.0040631103329360485,0.07915595946934086,-37444.71396551099,-2389.88231680513,33.50689665023013,37520.91768812745
114181,881.6113460958004,76.73346525196447,1.0,0.0,-0.20000000298023224,-10.7944655418396,6,0,0,4517.96533203125,-193.351806640625,-2.8607711791992188,-0.07690541446208954,0.053445249795913696,-0.9231160283088684,2.9556472301483154,0.0008378394397710115,-0.001042415131689334,0.00520668039098382,-9.294953189682749,110535.17337585968,5781.632484166446,-130.51006659819404,110686.35354139557
114187,881.6623385958374,76.79202796021595,1.0,0.0,-0.30000001192092896,-15.175313949584961,6,0,0,-2881.708984375,-177.765380859375,626.7109375,0.11627169698476791,0.03395290672779083,-0.962992250919342,2.906646728515625,0.0008472282433370299,-0.0010412111576409634,0.014281234703958035,-85.91162238702765,-145112.99330379206,305.66114173563426,12346.358939509555,145637.58729594215
114193,881.7133414968848,76.88902173751796,1.0,0.0,0.0,-5.401639938354492,6,0,0,-2196.226318359375,-1357.0203857421875,-273.8556823730469,-0.06058561056852341,-0.004418330267071724,-1.0050151348114014,2.854247570037842,0.0008564904787881988,-0.0010398359806765743,0.0541423037648201,191.62976635650884,13440.072073109119,-23121.331937281073,-17657.16461961435,32046.949781351457
114199,881.7640349976718,77.24232696171246,1.0,0.0,0.0,0.0,6,0,0,1398.1011962890625,-63.063720703125,-123.74786376953125,-0.22352062165737152,0.15852558612823486,-0.7504791021347046,2.810750722885132,0.0008651500415796909,-0.0010380328307037453,0.06377715617418289,106.55488089190328,70903.12286281833,25525.099765261926,2961.0860617846956,75415.85761888398
114205,881.8132765963674,77.48352169737942,1.0,0.0,0.0,0.0,6,0,0,466.6533508300781,-290.5469055175781,-153.02053833007812,-0.3883095383644104,0.26406317949295044,-0.586399495601654,2.778686285018921,0.0008743936963381583,-0.001035908529566264,0.06059642508625984,0.0,-18915.873369964167,-4619.735972040349,-594.4704342674424,19480.904006156932
114211,881.8628228977323,76.84801574042815,1.0,0.0,0.0,0.0,6,0,0,2738.40283203125,-144.5894775390625,157.47215270996094,-0.601946234703064,0.3266727030277252,-0.34152546525001526,2.7707056999206543,0.0008836010124721663,-0.0010335387713045158,0.04566814377903938,0.0,45851.040715838455,2945.879388727084,6266.717847480118,46370.98114854082
114217,881.9150460958481,77.25250691480221,1.0,0.0,0.0,0.0,6,0,0,-1769.4227294921875,-378.38330078125,317.60369873046875,-0.46231794357299805,-0.09983581304550171,-0.29292142391204834,2.7528653144836426,0.0008941739066911199,-0.0010306530045746509,0.060295943170785904,0.0,-86318.45088317928,-4476.81933847975,3066.2914528013507,86488.83753141062
114223,881.9631962962449,77.59224840348655,1.0,0.0,0.0,0.0,6,0,0,-609.5413208007812,-673.2241821289062,-361.737548828125,-0.34957775473594666,0.15017986297607422,-0.152277410030365,2.7429921627044678,0.0009020894190045666,-0.0010281276072980116,0.05631103366613388,0.0,24088.817889303402,-6123.357305225188,-14108.793773661588,28580.145446431696
114230,882.0192930959165,77.88107491588649,1.0,0.0,0.0,0.0,6,0,0,1660.56005859375,-144.49127197265625,-37.14609909057617,-0.6578692197799683,0.27034255862236023,-0.13850416243076324,2.735198974609375,0.0009111758577896405,-0.0010250505485630778,0.04126850143074989,0.0,40467.573777507125,9425.36674553753,5786.273934297005,41951.674957843956
114235,882.0628335960209,77.9980462430457,1.0,0.0,0.0,0.0,6,0,0,-4042.2216796875,-363.74560546875,-3.9870223999023438,-0.40979284048080444,0.0545976459980011,-0.13720521330833435,2.729280710220337,0.0009213272239641985,-0.0010214383521594712,0.023230055347085,0.0,-130976.48682499568,-5035.6411380263235,761.5685766388822,131075.46593236347
114241,882.1126478947699,78.16440344813377,1.0,0.0,0.0,0.0,6,0,0,1726.4072265625,40.8992919921875,139.83218383789062,0.2214261293411255,-0.237060084939003,-0.17868292331695557,2.7212119102478027,0.0009303610060255015,-0.0010181624594411847,0.016553955152630806,0.0,115802.6721468055,8123.067224133191,2887.106912064412,116123.11778362653
114248,882.1680250950158,78.85325656179683,1.0,0.0,0.10000000149011612,2.804172158241272,6,0,0,2438.615966796875,-59.937744140625,114.8200912475586,-0.3296004831790924,-0.05951184034347534,-0.029536835849285126,2.7163572311401367,0.0009384537548380619,-0.001015178852678159,0.015683859586715698,50.63766578649038,12861.046370571168,-1820.9124998217314,-451.6676986067598,12997.162759154537
114254,882.2164599969983,79.37980282219506,1.0,0.0,0.10000000149011612,5.247863054275513,6,0,0,-829.42138671875,-304.4515380859375,-61.81235122680664,-0.5376595854759216,-0.010922908782958984,0.03355453908443451,2.7164950370788574,0.0009485993616836068,-0.0010111971678827439,0.01350555382668972,50.45309881941862,-67472.7772690302,-5048.297486664187,-3646.800865582778,67759.57597611744
114260,882.2657693959773,79.909832287081,1.0,0.0,0.10000000149011612,5.241535663604736,6,0,0,3945.41064453125,769.197021484375,718.2437133789062,-0.48081672191619873,-0.05776572227478027,0.1746443212032318,2.721031427383423,0.0009575569697603909,-0.0010076444159834886,0.014273108914494514,-0.12832017428315617,96834.11540441801,21773.710120228392,15819.622237511721,100504.73026824887
114266,882.3175643980503,80.4464164573755,1.0,0.0,0.10000000149011612,5.235190153121948,6,0,0,-1610.382080078125,-628.1302490234375,-443.2854309082031,0.13746702671051025,-0.053231313824653625,0.32907599210739136,2.7346954345703125,0.0009668956534507533,-0.001004091389830578,0.04662265628576279,-0.12251202295230414,-107265.03527837904,-26978.03291014603,-22425.506280488924,112856.12692676048
114272,882.365367796272,80.91334484110232,1.0,0.0,0.20000000298023224,7.8518407344818115,6,0,0,-1100.3782958984375,145.58685302734375,-32.77873229980469,0.20434530079364777,-0.03711435943841934,0.45301714539527893,2.753563165664673,0.0009760052666796691,-0.0010004769993965323,0.05579868331551552,54.73775251756782,10668.776763820993,16185.399591509653,8587.395747563907,21202.200906942802
114278,882.4119947962463,81.2778714733131,1.0,0.0,0.0,5.309444427490234,6,0,0,-359.5833740234375,220.38931274414062,-26.40518569946289,0.20700787007808685,0.00036250054836273193,0.6159313917160034,2.779599189758301,0.0009851124116246463,-0.000996941388357962,0.06389285624027252,-54.526268222179965,15887.681435307766,1604.2734844211648,136.69218701313642,15969.057566325895
114285,882.467684596777,81.8508103199486,1.0,0.0,0.0,0.0,6,0,0,3274.04638671875,39.903076171875,-10.907150268554688,0.12315113097429276,0.01962874084711075,0.4491015374660492,2.8092451095581055,0.0009956020698248635,-0.0009930238103814364,0.07150375097990036,-95.33962012605828,65247.67059887216,-3240.9208661621956,278.2921698987305,65328.7037462973
114291,882.516027096659,82.33019058848919,1.0,0.0,0.0,0.0,6,0,0,-3704.01806640625,241.953125,-40.23004150390625,0.14097589254379272,0.03067992627620697,0.31857234239578247,2.827132225036621,0.001004826115439344,-0.0009896163444170088,0.07656577974557877,0.0,-144346.3716224927,4179.553174150781,-606.5654715196094,144408.14238465074
114298,882.5689415968955,82.84104437896713,1.0,0.0,0.0,0.0,6,0,0,1981.763916015625,60.13623046875,-9.478996276855469,0.09087721258401871,0.014659788459539413,0.22120463848114014,2.840965986251831,0.0010138605831352104,-0.0009863486107484177,0.08097541332244873,0.0,107452.24762604223,-3436.0504912374768,581.1459068800281,107508.7424046608
114304,882.6150175966322,27.528547010677286,1.0,0.0,0.0,0.0,6,0,0,-21363.10546875,-1357.3193359375,438.06817626953125,-0.17715482413768768,0.26009345054626465,1.4990159273147583,2.901057481765747,0.0010224904579567828,-0.0009829413504741417,0.09342105686664581,0.0,-506660.07288231846,-30763.42509123226,9713.238456095323,507686.0888164704
114310,882.6617710962892,26.151531513359025,1.0,0.0,0.0,0.0,6,0,0,-3610.001953125,-37.97705078125,-551.9227294921875,-0.02396920695900917,0.06159769371151924,1.5198525190353394,2.9707329273223877,0.0010191427793122805,-0.00098190069454228,0.1256682127714157,0.0,379717.10451410036,28219.11289716889,-21174.690943489226,381352.5472968912
114317,882.7175658978522,23.910476062832885,1.0,0.0,0.0,0.0,6,0,0,-230.35987854003906,-82.72634887695312,-285.2618713378906,-0.013209424912929535,-0.029052741825580597,1.5786936283111572,3.059474468231201,0.0010157887242676915,-0.0009806282256112015,0.12867137789726257,0.0,60572.705340073575,-802.0334662388816,4779.313675900127,60766.25485505085
114323,882.7645009979606,22.715092994171943,1.0,0.0,0.0,0.0,6,0,0,1248.3846435546875,752.217529296875,-168.47604370117188,-0.03392866998910904,-0.07394879311323166,1.2274519205093384,3.124370574951172,0.0010131063167060016,-0.0009796599726748713,0.1189902052283287,0.0,31506.154640768407,17789.327736507013,2488.2407274519614,36266.91747974483
114330,882.8189857974648,21.877619834510753,1.0,0.0,0.0,0.0,6,0,0,-250.494873046875,281.9649658203125,-99.93484497070312,-0.19436386227607727,-0.08881491422653198,0.7630354762077332,3.175915241241455,0.0010104955579416913,-0.000978889251016517,0.10362213104963303,0.0,-27510.049229121545,-8630.894630338531,1257.9875369658735,28859.620291193347
114336,882.8657417967916,21.36490010545769,1.0,0.0,0.0,0.0,6,0,0,669.0858154296875,357.8883056640625,-48.73262405395508,-0.4473893940448761,-0.06776097416877747,0.44775301218032837,3.2018041610717773,0.0010075976554800403,-0.0009782381040018655,0.08157093077898026,0.0,19667.651247298218,1623.8202784040243,1095.0941409459415,19764.931800019986
114342,882.9138180948794,19.533315681699083,1.0,0.0,0.0,0.0,6,0,0,414.2396545410156,192.214111328125,-92.77568817138672,-0.518427848815918,0.13043975830078125,0.09594335407018661,3.2146050930023193,0.0010051456896485204,-0.0009777992979688897,0.05695045366883278,0.0,-5300.869056578948,-3446.0680402898543,-916.1076428340019,6388.5718988332765
114349,882.9688852950931,17.94692342697574,0.0,0.0,0.0,0.0,0,0,0,-352.0028076171875,230.45303344726562,63.64299011230469,-0.160305917263031,0.07653877884149551,-0.010360939428210258,3.21502947807312,0.0010027536482657264,-0.0009775015269372338,0.02683788165450096,0.0,-13914.679867235729,694.4046904648624,2840.50537664451,14218.614013909419
114355,883.0153522975743,18.107145435260723,0.0,0.0,0.0,0.0,0,0,0,-172.44461059570312,78.86788940429688,227.95204162597656,-0.08730898797512054,0.05041001737117767,0.0006496967398561537,3.2151472568511963,0.0010002794678787483,-0.000977325867396715,0.007703819312155247,0.0,3864.2087381049787,-3262.2105138851175,3536.037246647684,6170.7119539182195
114361,883.0632759965956,17.279342153205633,0.0,0.0,0.0,0.0,5,0,0,397.2679138183594,-15.774169921875,128.0550079345703,-0.04614788293838501,0.01102123036980629,-0.004715186543762684,3.2151293754577637,0.0009981928080689223,-0.0009771840781969269,0.0007141113164834678,0.0,11887.907988078747,-1974.8487962924096,-2084.5017336187716,12229.780520463306
114368,883.1183467954397,15.950662088846107,0.0,0.0,0.0,0.0,5,0,0,383.1153564453125,-5.665618896484375,58.09742736816406,-0.03784997761249542,-0.0002108365297317505,-0.0005514233489520848,3.215031147003174,0.0009957966528795373,-0.000977015480691016,-0.0024151229299604893,0.0,-256.9884161860738,183.55555462355125,-1270.320787690959,1308.9883847180479
114374,883.1655391976237,15.299039937891004,0.0,0.0,0.0,0.0,5,0,0,575.2529296875,-4.64215087890625,26.752382278442383,-0.0283798985183239,0.004625644534826279,1.8354092389927246e-05,3.215026378631592,0.0009939245966448188,-0.0009768810277796464,-0.0030089186038821936,0.0,4071.3666681559703,21.687135433103933,-664.1968545594079,4125.245973274969
114380,883.2110822945833,14.868003951534028,0.0,0.0,0.0,0.0,5,0,0,77.62042999267578,-1.3152847290039062,16.236698150634766,-0.021543264389038086,0.008396628312766552,6.632661097683012e-05,3.21502947807312,0.0009920891532884087,-0.0009767480832640239,-0.0028129194397479296,0.0,-10926.628466578795,73.04874661585217,-230.89523615703789,10929.31188941519
114387,883.2662414945662,14.37195500684891,0.0,0.0,0.0,0.0,5,0,0,-118.12236785888672,-1.22015380859375,12.501916885375977,-0.015630237758159637,0.00864600669592619,4.3338481191312894e-05,3.2150328159332275,0.0009900875121473171,-0.0009766023859480418,-0.0022237778175622225,0.0,-3548.6881229660794,1.7246609892761275,-67.70912678968993,3549.3344297750623
114393,883.3139570951462,13.956508900919562,0.0,0.0,0.0,0.0,5,0,0,453.8414001464844,-0.648193359375,6.707942008972168,-0.011770907789468765,0.007528672926127911,2.793401654344052e-05,3.2150344848632812,0.0009884454176988294,-0.0009764823999231184,-0.0016680144472047687,0.0,11986.93427418338,11.986864720691843,-121.4272650030343,11987.555278671469
114399,883.3625382967293,13.668740206192515,0.0,0.0,0.0,0.0,0,0,0,-233.06594848632812,0.16015625,10.391282081604004,-0.008785638958215714,0.0093919076025486,1.8904016542364843e-05,3.215035915374756,0.0009867116539276851,-0.0009763554889904727,-0.0011497115483507514,0.0,-14139.365150472164,16.63914401111517,75.8182167711059,14139.57821582718
114406,883.4169346950948,13.657964596485877,0.0,0.0,0.0,0.0,0,0,0,-274.3182067871094,-0.018341064453125,9.586029052734375,-0.006420903839170933,0.012116543017327785,5.952004357823171e-06,3.215038537979126,0.0009848538588890117,-0.0009762193905564918,-0.0006521606119349599,0.0,-758.3637803297402,-3.2814178845771127,-14.803425466866623,758.5153475209983
114412,883.4646089971066,13.456383668519909,0.0,0.0,0.0,0.0,4,0,0,322.75775146484375,-0.639007568359375,6.9588704109191895,-0.004846139345318079,0.005868470296263695,-2.364607098570559e-06,3.2150392532348633,0.0009832124500749493,-0.0009760989245874738,-0.0003308105515316129,0.0,12524.062923985071,-13.01889021371641,-55.10638920668166,12524.19092514847
114418,883.5117300972342,12.839319548727172,0.0,0.0,0.0,0.0,4,0,0,368.506591796875,-0.31591796875,7.822699546813965,-0.0036568704526871443,-0.002392254304140806,7.052847649902105e-06,3.215038537979126,0.0009816394675765273,-0.0009759833951863392,-7.82012939453125e-05,0.0,970.8780187230996,6.856580146342304,18.33210883349116,971.0752834591547
114425,883.5695765949786,12.118265808274357,0.0,0.0,0.0,0.0,4,0,0,-354.3790588378906,-0.069366455078125,10.083210945129395,-0.002671563997864723,-0.004097241908311844,2.180014689656673e-06,3.2150392532348633,0.0009800663479512198,-0.0009758677286583204,9.735106868902221e-05,0.0,-12496.619135524477,4.262168381595346,39.077757279390696,12496.680961581353
114431,883.6179556958377,11.545907983227325,0.0,0.0,0.0,0.0,4,0,0,557.8460083007812,0.02874755859375,7.6078290939331055,-0.002010197378695011,-0.0033220513723790646,7.247363100759685e-07,3.2150399684906006,0.000978378521686567,-0.0009757436973902796,0.00026565551524981856,0.0,18855.767282534256,2.0280247447651307,-51.16634677445312,18855.836813067086
114437,883.666113294661,11.002871098641041,0.0,0.0,0.0,0.0,4,0,0,76.56104278564453,0.14641571044921875,9.303194046020508,-0.0015120040625333786,-0.0021447495091706514,-4.5006299842498265e-07,3.2150399684906006,0.0009769415004946727,-0.0009756381782517975,0.00035301208845339715,0.0,-9993.956868177325,2.4433974020838374,35.20451587106171,9994.019172040711
114443,883.7141828946769,10.48610444599241,0.0,0.0,0.0,0.0,4,0,0,181.27593994140625,-0.5000152587890625,8.90424633026123,-0.00116485555190593,-0.0010270490311086178,-1.3377591585594928e-06,3.215038537979126,0.0009756709513412306,-0.0009755446577158081,0.00043960570474155247,0.0,2178.4016742633926,-13.447812526518794,-8.299376646102614,2178.4589915231395
114449,883.7624927945435,9.991152297056137,0.0,0.0,0.0,0.0,4,0,0,21.696561813354492,0.17165374755859375,9.610204696655273,-0.0008794671739451587,-0.0001245032763108611,-1.9428807718213648e-06,3.2150392532348633,0.000974385455357318,-0.00097545017729162,0.00048164365580305457,0.0,-3303.243818943268,13.903340892914839,14.613120050832466,3303.305401193252
114456,883.8169506974518,9.972246774564383,0.0,0.0,0.0,0.0,0,0,0,-470.378662109375,-0.20037841796875,10.940195083618164,-0.0006262222304940224,0.008446973748505116,5.834499461343512e-07,3.215040922164917,0.000973008495741076,-0.0009753489090865942,0.0005286407540552318,0.0,-9035.88272121114,-6.83155512164369,24.42235774671319,9035.918308239916
114462,883.864718195051,9.970898257778806,0.0,0.0,0.0,0.0,0,0,0,190.5829315185547,-0.38421630859375,9.01713752746582,-0.0004874691367149353,0.009284626692533493,1.7150341591332108e-07,3.2150399684906006,0.0009718157660949004,-0.0009752610107529176,0.0005432128673419356,0.0,13837.057138200147,-3.8485978932329057,-40.25870419863848,13837.116239331992
114468,883.9125239960849,9.290913351942603,0.0,0.0,0.0,0.0,3,0,0,228.63580322265625,0.0242462158203125,9.354432106018066,-0.0003511777613312006,-0.0031082879286259413,-5.124265044287313e-06,3.2150399684906006,0.0009706521759117977,-0.0009751753750128531,0.0005582427838817239,0.0,795.9885804875205,8.544204167267992,7.055515675023292,796.0657033140105
114475,883.9673302955925,8.543622804529155,0.0,0.0,0.0,0.0,3,0,0,-179.0079345703125,0.1782989501953125,10.32204532623291,-0.00027725379914045334,-0.005760408937931061,-4.661765160562936e-06,3.2150392532348633,0.0009693812839411427,-0.0009750819230403092,0.0005754089215770364,0.0,-7437.899319152303,2.8108581633683736,17.655146012555505,7437.920804025183
114481,884.0128329955041,7.968407462666075,0.0,0.0,0.0,0.0,3,0,0,510.516845703125,-0.0203857421875,8.678727149963379,-0.00020244484767317772,-0.004793096333742142,-4.190610070509138e-06,3.2150399684906006,0.0009683563976022697,-0.0009750066403801085,0.0005834579351358116,0.0,15153.491586501266,-4.3664374370934045,-36.11473999262191,15153.53525096983
114488,884.068060696125,7.32217752501312,0.0,0.0,0.0,0.0,3,0,0,-140.1895751953125,0.0494842529296875,9.798417091369629,-0.0001525753177702427,-0.002798059955239296,-3.7307072489056736e-06,3.2150399684906006,0.0009672949669485301,-0.0009749286151821965,0.0005991363432258368,0.0,-11782.247198108233,1.2651259120275495,20.274064080493904,11782.26470911035
114494,884.116671897471,6.796749902550186,0.0,0.0,0.0,0.0,3,0,0,567.53857421875,-0.205322265625,8.10192584991455,-0.00011797924526035786,-0.0011700339382514358,-3.365570819369168e-06,3.2150399684906006,0.0009664343586179486,-0.0009748653311244881,0.0006001663277857006,0.0,14558.952048475856,-5.2417243659844415,-34.89918361372583,14558.994820333943
114500,884.1635992974043,6.3248887645229015,0.0,0.0,0.0,0.0,3,0,0,57.85670471191406,-0.08367919921875,9.944643020629883,-9.197125473292544e-05,8.647353388369083e-05,-3.3488261124148266e-06,3.2150399684906006,0.000965594936391107,-0.0009748035554625216,0.0005846404819749296,0.0,-10861.072001237122,2.5921544040165823,39.267403975778954,10861.143294531032
114507,884.2174011953175,6.233038504631387,0.0,0.0,0.0,0.0,0,0,0,-435.0377197265625,0.406646728515625,10.957690238952637,-6.53732568025589e-05,0.008158711716532707,-1.567677827551961e-07,3.2150392532348633,0.0009648435496244685,-0.0009747481562007364,0.0005897140363231301,0.0,-9161.283217806093,9.113543327509944,18.82920970477285,9161.3071006634
114513,884.2646334953606,6.231030595775093,0.0,0.0,0.0,0.0,0,0,0,274.9748229980469,-0.33758544921875,8.904302597045898,-4.4284388422966003e-05,0.00958223920315504,1.2332748156040907e-08,3.215040922164917,0.0009640012477330409,-0.000974686311975327,0.0005925750592723489,0.0,15032.35163387393,-15.756848111465228,-43.47422505431103,15032.422756526597
114519,884.3122580945492,5.560343096213941,0.0,0.0,0.0,0.0,2,0,0,187.29150390625,0.659423828125,9.43838119506836,-2.9622111469507217e-05,-0.0037491649854928255,-5.07525783177698e-06,3.215040922164917,0.0009632868852253663,-0.0009746336552512544,0.0005957412649877369,0.0,-1841.1350559533535,20.934754188610864,11.214343157153193,1841.2882228716237
114526,884.3659616969526,4.731078052302056,0.0,0.0,0.0,0.0,2,0,0,4.319341659545898,-0.476531982421875,10.132040023803711,-2.2611580789089203e-05,-0.007121084723621607,-4.359826561994851e-06,3.2150399684906006,0.0009625295334392277,-0.0009745779817356979,0.0005994415259920061,0.0,-3407.0742754328176,-21.152320509413496,12.916430140474256,3407.164418273143
114532,884.4114289954305,4.125565030713612,0.0,0.0,0.0,0.0,2,0,0,285.1036071777344,-0.119598388671875,9.077637672424316,-3.6765821278095245e-05,-0.005298727657645941,-3.2919165278144646e-06,3.2150392532348633,0.0009619670389567473,-0.0009745367751065728,0.0005997848347760737,0.0,6175.521196948636,7.850336520952213,-23.190345296019224,6175.569728685797
114539,884.4679607972503,3.4789076979482205,0.0,0.0,0.0,0.0,2,0,0,111.38813018798828,0.30898284912109375,9.120987892150879,-1.7020851373672485e-05,-0.0020629498176276684,-2.5475590064161224e-06,3.215038537979126,0.0009614042702204969,-0.0009744952942236775,0.0005942535353824496,0.0,-3072.880598136162,7.581241425120296,0.7668289056970808,3072.890045811886
114545,884.5157104954123,3.0112438467069373,0.0,0.0,0.0,0.0,2,0,0,160.760009765625,-0.275421142578125,9.557474136352539,-2.0381557988002896e-05,0.0002856350620277226,-2.0693316855613375e-06,3.2150392532348633,0.0009609842505715845,-0.0009744643721109735,0.0005855178460478783,0.0,1033.972600414177,-12.238904416014341,9.141130960034053,1034.0854362497269
114551,884.5650415979326,2.59338261374193,0.0,0.0,0.0,0.0,2,0,0,61.33326721191406,0.30206298828125,9.546372413635254,-4.274304956197739e-06,0.0020400742068886757,-1.6198821413127007e-06,3.2150392532348633,0.0009606194930573481,-0.0009744375638048375,0.0005822753882966936,0.0,-2015.4980828361292,11.706288758143746,-0.22504509630071762,2015.5320909769453
114557,884.6162742972374,2.45704845099214,0.0,0.0,0.0,0.0,0,0,0,136.13438415527344,-0.2284393310546875,9.77856731414795,5.1781535148620605e-06,0.007726450450718403,-1.2649252312257886e-08,3.2150392532348633,0.0009603041697851726,-0.0009744143207977276,0.0005868530133739114,0.0,1460.0268570335381,-10.35476027096696,4.532162147678491,1460.0706095299752
114562,884.6613857969642,2.4564811817701195,0.0,0.0,0.0,0.0,0,0,0,-17.547855377197266,0.00908660888671875,9.35010814666748,-1.9567087292671204e-06,0.009666156955063343,-1.3960743672214448e-09,3.2150399684906006,0.000959977602108423,-0.0009743903921561894,0.0006268310244195163,0.0,-3406.7198045571727,5.265307989759467,-9.497781498631738,3406.73711314561
114568,884.7109195962548,2.159798135144657,0.0,0.0,0.0,0.0,1,0,0,-71.8691177368164,-0.1653900146484375,10.046917915344238,1.979060471057892e-08,0.002116224030032754,-2.3017685180093395e-06,3.2150392532348633,0.0009596657070083737,-0.0009743672862759655,0.0005812454037368298,0.0,-1096.6504313725254,-3.5223751465409125,14.067359634337368,1096.7463090265228
114574,884.7685074955225,1.5837106034877915,0.0,0.0,0.0,0.0,1,0,0,102.53831481933594,0.07706451416015625,9.16443157196045,9.990762919187546e-07,-0.0020831278525292873,-3.4897961995739024e-06,3.2150399684906006,0.0009594250493251086,-0.0009743495283442798,0.0005403900286182761,0.0,3028.543058073566,4.210164494482501,-15.324162794720413,3028.5847536524407
114579,884.8110219947994,1.2578561608588483,0.0,0.0,0.0,0.0,1,0,0,128.12759399414062,0.0394439697265625,10.490094184875488,6.227870471775532e-06,-0.0010780877200886607,2.984448883580626e-07,3.2150392532348633,0.0009592036579691934,-0.0009743333473717781,0.000529975863173604,0.0,601.8953441778543,-0.8848873930888677,31.181423642829174,602.7031355062538
114585,884.8637596964836,0.9438314520699275,0.0,0.0,0.0,0.0,1,0,0,-13.6389799118042,-0.27857112884521484,10.060050964355469,1.841457560658455e-06,0.000937558535952121,-8.069803243415663e-07,3.2150392532348633,0.0009590573435828436,-0.000974322514347816,0.0005522918654605746,0.0,-2688.1447120081707,-6.030128132543044,-8.154379254046273,2688.1638434150186
114591,884.9462493956089,0.6004591806861569,0.0,0.0,0.0,0.0,1,0,0,62.08256530761719,-0.00452423095703125,9.486069679260254,-4.4975895434618e-06,0.0030970375519245863,-3.772697709791828e-08,3.2150392532348633,0.0009587076014625201,-0.0009742965288029949,0.0004700469726230949,0.0,917.9515263404139,3.3221953867469685,-6.958217706957814,917.9839097100454
114592,885.1327540874481,0.34569406532253205,0.0,0.0,0.0,0.0,1,0,0,3.5291402339935303,0.004141807556152344,9.807561874389648,4.660803824663162e-06,0.0037545226514339447,-7.411776550725335e-06,3.2150392532348633,0.0009586979340171241,-0.0009742958431685669,0.0005172729142941535,0.0,-313.95148559641257,0.04646552549280855,1.7237753750803564,313.9562212614734
114593,885.1443785876036,0.305426972797369,0.0,0.0,0.0,0.0,1,0,0,-0.23866716027259827,-0.0016013383865356445,9.855246543884277,6.291083991527557e-06,0.0036180666647851467,5.493266144185327e-07,3.2150399684906006,0.0009586896378405783,-0.0009742952946610242,0.0005568313645198941,0.0,-324.1264006091472,-0.49405530267001835,4.102083432144565,324.15273367807305
114594,885.1549404896796,0.27678806459714705,0.0,0.0,0.0,0.0,1,0,0,0.502109169960022,0.12434595823287964,9.780811309814453,5.135079845786095e-06,0.0036012406926602125,-1.2425971362972632e-09,3.2150399684906006,0.0009586705772035562,-0.0009742938548287255,0.0005495452787727118,0.0,70.13664062607467,11.924679448177882,-7.04752169961156,71.49135542399122
114595,885.1640558876097,0.24851508171133088,0.0,0.0,0.0,0.0,1,0,0,0.22675451636314392,-0.3367486000061035,9.392481803894043,2.394896000623703e-06,0.0036937969271093607,-1.3139469956513494e-08,3.2150399684906006,0.0009586705772035562,-0.0009742938548287255,0.0005495452787727118,0.0,-30.207639392928836,-50.58413925234256,-42.60148694509289,72.70586848065656
114596,885.1723511889577,0.22176438535303156,0.0,0.0,0.0,0.0,1,0,0,0.5016404986381531,0.12434601783752441,9.917341232299805,1.2337695807218552e-06,0.003633480053395033,-1.4817487681284547e-08,3.2150399684906006,0.0009586705772035562,-0.0009742938548287255,0.0005495452787727118,0.0,33.1375523014901,55.58503525087875,63.27189409871683,90.50484019771905
114600,885.2118048891425,0.19841071874348928,0.0,0.0,0.0,0.0,1,0,0,-22.128198623657227,0.024560928344726562,9.795022010803223,-7.993308827280998e-06,0.003465501358732581,-1.3243379726191051e-08,3.2150392532348633,0.0009586421233749082,-0.0009742917293619986,0.0005823898245580494,0.0,-573.5796393312971,-2.5291693561149273,-3.1003231870160173,573.5935942432733
114606,885.2669811882079,0.16231140651314752,0.0,0.0,0.0,0.0,1,0,0,-4.164309978485107,-0.013875484466552734,9.796486854553223,-6.426125764846802e-06,0.0030650002881884575,-9.21511400520103e-09,3.2150392532348633,0.0009586421233749082,-0.0009742917293619986,0.0005823898245580494,0.0,325.5725546922868,-0.6966109264732442,0.026548423413919463,325.57330102522803
114611,885.3168257884681,0.12238257254458841,0.0,0.0,0.0,0.0,1,0,0,12.101046562194824,-0.24816322326660156,9.894859313964844,7.727416232228279e-06,0.002700141165405512,-7.021355941105867e-09,3.2150392532348633,0.0009586182632969091,-0.0009742898781490435,0.0005775451427325606,0.0,326.32133582679535,-4.700363481234536,1.973583074154088,326.36115372818267
114617,885.3685763888061,0.09085628585471744,0.0,0.0,0.0,0.0,1,0,0,2.833021640777588,0.2732391357421875,9.790356636047363,9.26177017390728e-06,0.0022784967441111803,-4.8603396862745285e-09,3.2150399684906006,0.000958602973649226,-0.0009742886440070735,0.0006013488746248186,0.0,-179.09019143522863,10.075291022780803,-2.019351992730045,179.38474277365705
114621,885.4164108894765,0.06897860568977915,0.0,0.0,0.0,0.0,1,0,0,4.655237197875977,-0.021348953247070312,9.523849487304688,7.143011316657066e-06,0.001913732849061489,-3.7039171729702502e-09,3.2150392532348633,0.000958588095382198,-0.0009742874098651036,0.000530242919921875,0.0,38.09416909466596,-6.158485713457974,-5.571442055574887,38.988891134199974
114626,885.4617120884359,0.05397035640965324,0.0,0.0,0.0,0.0,1,0,0,6.9860429763793945,0.04776144027709961,10.068768501281738,4.344736225903034e-06,0.0015890353824943304,-3.0892977065377636e-09,3.2150392532348633,0.0009585816504186006,-0.0009742868613575613,0.0005646133213303983,0.0,51.451304425626425,1.5255753735388695,12.028798938986458,52.86072371083653
114632,885.5127090886235,0.03947689467992674,0.0,0.0,0.0,0.0,1,0,0,0.008667759597301483,0.0797843188047409,9.496421813964844,-8.10832716524601e-07,0.0013393035624176264,-2.2160975277074613e-09,3.2150399684906006,0.0009585741084399229,-0.0009742862442865764,0.0005596923874691129,0.0,-136.81932645273136,0.6279365141051074,-11.22314420869924,137.28030216012084
114638,885.5687197893858,0.028706296403540776,0.0,0.0,0.0,0.0,1,0,0,2.3100433349609375,-0.2500276565551758,9.489253044128418,-6.1282189562916756e-06,0.0010750340297818184,2.7199575924896635e-09,3.2150399684906006,0.0009585695832527162,-0.0009742858329059199,0.0005350112915039062,0.0,41.08814108810105,-5.888374379741272,-0.1279892902403138,41.50812778444852
114644,885.6177112869918,0.02179941705941412,0.0,0.0,0.0,0.0,1,0,0,0.8350675106048584,0.4200016260147095,10.974898338317871,8.063565474003553e-06,0.0008559097186662257,5.278657511098572e-09,3.2150399684906006,0.0009585652637558369,-0.0009742854215252635,0.0004959487705491483,0.0,-30.10677150996631,13.676440103094391,30.324553581442707,44.86692829424182
114650,885.6644408889115,0.016169502294059508,0.0,0.0,0.0,0.0,1,0,0,2.4184253215789795,0.14302420616149902,9.645257949829102,1.538603100925684e-06,0.000704720732755959,-5.491429533321934e-11,3.2150399684906006,0.0009585625212181359,-0.0009742852843983775,0.0005526733002625406,0.0,33.883400369997105,-5.9272368793010015,-28.453920724062932,44.641265240001026
114656,885.7116735875607,0.012283430937031893,0.0,0.0,0.0,0.0,1,0,0,1.4489586353302002,0.05389833450317383,9.397308349609375,1.2515170965343714e-05,0.0005724458023905754,-2.3440094309989945e-10,3.2150399684906006,0.0009585605328783028,-0.000974285284398377,0.0005784225068055093,0.0,-20.52532914643987,-1.8869527722802497,-5.249532787898286,21.26986887185084
114663,885.7682141885161,0.008687663885124562,0.0,0.0,0.0,0.0,1,0,0,0.1721682995557785,0.14782680571079254,9.64405632019043,2.87251896224916e-06,0.0004407696542330086,-6.04444494456402e-10,3.2150399684906006,0.0009585586816653545,-0.0009742852843983765,0.0005720901535823941,0.0,-22.58183171380903,1.6612570368957948,4.364084682709974,23.05957791485549
114669,885.8150945901871,0.007128073854483471,0.0,0.0,0.0,0.0,1,0,0,0.45593371987342834,-0.3543647229671478,9.98703670501709,-3.6245619412511587e-06,0.0003521181643009186,-3.070841358976395e-10,3.2150399684906006,0.0009585575160868315,-0.0009742852843983761,0.0005700301844626665,0.0,6.052964782799478,-10.71218485291507,7.316071804037423,14.314824261117046
114675,885.8646488897502,0.00553284440862151,0.0,0.0,0.0,0.0,1,0,0,0.1483614295721054,-0.17130950093269348,9.607107162475586,1.1366355465725064e-05,0.00027765700360760093,-2.817417410483358e-10,3.2150399684906006,0.0009585565561986361,-0.0009742852843983759,0.0005475998041220009,0.0,-6.2067730350873855,3.6940330838720503,-7.666933967196685,10.533365482654792
114681,885.9135839901865,0.003679295251609505,0.0,0.0,0.0,0.0,1,0,0,0.30784618854522705,-0.18305185437202454,9.929186820983887,2.704851794987917e-06,0.0002248599485028535,-9.087219865477891e-11,3.2150399684906006,0.0009585559391276533,-0.0009742852843983756,0.0005577468546107411,0.0,3.2591076252314646,-0.23995768547850033,6.5817716861161415,7.348406679806323
114687,885.9610761888325,0.0,0.0,0.0,0.0,0.0,1,0,0,0.6504215002059937,0.11260408163070679,9.732297897338867,0.0,0.0,0.0,3.2150399684906006,0.0009585554591835558,-0.0009742852843983756,0.0005511093186214566,0.0,7.2132965292632365,6.2253579415449085,-4.1457108590048,10.391036851340084
114694,886.0162671878934,0.0,0.0,0.0,0.0,0.0,1,0,0,0.3195512592792511,-0.023482829332351685,9.922478675842285,0.0,0.0,0.0,3.2150399684906006,0.0009585554591835558,-0.0009742852843983756,0.0005511093186214566,0.0,-5.995003651987371,-2.4657446554459095,3.4458658429732503,7.341250363594184
114700,886.0647100880742,0.0,0.0,0.0,0.0,0.0,1,0,0,-0.14741845428943634,0.17130842804908752,9.810007095336914,0.0,0.0,0.0,3.2150399684906006,0.0009585554591835558,-0.0009742852843983756,0.0005511093186214566,0.0,-9.639590359488986,4.021048629507455,-2.3217350754303054,10.699578876764269
114706,886.1117051877081,0.0,0.0,0.0,0.0,0.0,1,0,0,0.1717188060283661,0.14782670140266418,9.8099946975708,0.0,0.0,0.0,3.2150399684906006,0.0009585554591835558,-0.0009742852843983756,0.0005511093186214566,0.0,6.790862511277115,-0.49966330169175144,-0.0002638097633551909,6.809220009055517
114713,886.1657631881535,0.0,0.0,0.0,0.0,0.0,1,0,0,0.0004093050374649465,-1.0757794370874763e-06,9.809999465942383,0.0,0.0,0.0,3.2150399684906006,0.0009585554591835558,-0.0009742852843983756,0.0005511093186214566,0.0,-3.168994405629862,-2.73461422849897,8.820843432509936e-05,4.185766420788803
114719,886.2129895873368,0.0,0.0,0.0,0.0,0.0,1,0,0,0.1717188060283661,0.14782670140266418,9.809993743896484,0.0,0.0,0.0,3.2150399684906006,0.0009585554591835558,-0.0009742852843983756,0.0005511093186214566,0.0,3.6274097528819365,3.1301936996809836,-0.00012116201949320199,4.791264355836124
114725,886.2643241882324,0.0,0.0,0.0,0.0,0.0,1,0,0,0.012150183320045471,0.15956754982471466,9.809998512268066,0.0,0.0,0.0,3.2150399684906006,0.0009585554591835558,-0.0009742852843983756,0.0005511093186214566,0.0,-3.1084029080639684,0.22871217886583242,9.28880618303578e-05,3.116805721929149
114731,886.3129257895052,0.0,0.0,0.0,0.0,0.0,1,0,0,-0.011331573128700256,-0.15956971049308777,9.810001373291016,0.0,0.0,0.0,3.2150399684906006,0.0009585554591835558,-0.0009742852843983756,0.0005511093186214566,0.0,-0.48314779418341913,-6.566393945054392,5.8866845418499965e-05,6.584144685237148
114738,886.3685915879905,0.0,0.0,0.0,0.0,0.0,1,0,0,-0.5017783641815186,-0.2839156985282898,9.810020446777344,0.0,0.0,0.0,3.2150399684906006,0.0009585554591835558,-0.0009742852843983756,0.0005511093186214566,0.0,-8.810558806275235,-2.233795102536534,0.0003426428228307731,9.089322700639162
114744,886.4158396869898,0.0,0.0,0.0,0.0,0.0,1,0,0,0.14823703467845917,-0.17131057381629944,9.809993743896484,0.0,0.0,0.0,3.2150399684906006,0.0009585554591835558,-0.0009742852843983756,0.0005511093186214566,0.0,13.757493161156235,2.3832731283802455,-0.0005651630737522831,13.96239983681635
114750,886.4634964875877,0.0,0.0,0.0,0.0,0.0,1,0,0,-0.17090021073818207,-0.1478288322687149,9.810006141662598,0.0,0.0,0.0,3.2150399684906006,0.0009585554591835558,-0.0009742852843983756,0.0005511093186214566,0.0,-6.696573026571639,0.4927259331927592,0.0002601468406971904,6.714675659562709
114756,886.5111813880503,0.0,0.0,0.0,0.0,0.0,1,0,0,0.14823703467845917,-0.17131057381629944,9.809993743896484,0.0,0.0,0.0,3.2150399684906006,0.0009585554591835558,-0.0009742852843983756,0.0005511093186214566,0.0,6.69262685505157,-0.4924355785535953,-0.0002599935407854711,6.710718820482611
114763,886.566401489079,0.0,0.0,0.0,0.0,0.0,1,0,0,-0.3304688334465027,-0.13608795404434204,9.810013771057129,0.0,0.0,0.0,3.2150399684906006,0.0009585554591835558,-0.0009742852843983756,0.0005511093186214566,0.0,-8.669050929050755,0.6378586622589317,0.0003626788120892668,8.69248570979731
114769,886.6132569871843,0.0,0.0,0.0,0.0,0.0,1,0,0,0.0004093050956726074,-1.0757794370874763e-06,9.8100004196167,0.0,0.0,0.0,3.2150399684906006,0.0009585554591835558,-0.0009742852843983756,0.0005511093186214566,0.0,7.061671563039821,2.9043950820693083,-0.00028494927958477547,7.635621529265953
114775,886.6642648875713,0.0,0.0,0.0,0.0,0.0,1,0,0,0.15997792780399323,-0.011741936206817627,9.8099946975708,0.0,0.0,0.0,3.2150399684906006,0.0009585554591835558,-0.0009742852843983756,0.0005511093186214566,0.0,3.128311918301116,-0.23017729289562425,-0.00011217960070927305,3.1367685692339227
114781,886.7112029902637,0.0,0.0,0.0,0.0,0.0,1,0,0,0.34302833676338196,0.29565444588661194,9.80998706817627,0.0,0.0,0.0,3.2150399684906006,0.0009585554591835558,-0.0009742852843983756,0.0005511093186214566,0.0,3.8998254820632403,6.548973317224148,-0.00016254160465865825,7.62218409162908
114788,886.7671121880412,0.0,0.0,0.0,0.0,0.0,1,0,0,0.0004093051247764379,-1.0757794370874763e-06,9.810001373291016,0.0,0.0,0.0,3.2150399684906006,0.0009585554591835558,-0.0009742852843983756,0.0005511093186214566,0.0,-6.128133567611824,-5.288137433890723,0.0002558633519125219,8.094344853517994
114794,886.8166019879282,0.0,0.0,0.0,0.0,0.0,1,0,0,0.3312874436378479,0.13608577847480774,9.80998706817627,0.0,0.0,0.0,3.2150399684906006,0.0009585554591835558,-0.0009742852843983756,0.0005511093186214566,0.0,6.685784530730645,2.7497960097864915,-0.00028905177993795474,7.229183423481924
114800,886.8650064878166,0.0,0.0,0.0,0.0,0.0,1,0,0,0.023891061544418335,0.3191361725330353,9.809999465942383,0.0,0.0,0.0,3.2150399684906006,0.0009585554591835558,-0.0009742852843983756,0.0005511093186214566,0.0,-6.350574487951038,3.781681341201482,0.00025612837942464085,7.3912725669540675
114806,886.9121716879308,0.0,0.0,0.0,0.0,0.0,1,0,0,0.012150183320045471,0.15956754982471466,9.809999465942383,0.0,0.0,0.0,3.2150399684906006,0.0009585554591835558,-0.0009742852843983756,0.0005511093186214566,0.0,-0.2489309532437572,-3.383185533439719,0.0,3.3923312003928277
114813,886.9661302901804,0.0,0.0,0.0,0.0,0.0,1,0,0,0.3312874436378479,0.13608577847480774,9.80998706817627,0.0,0.0,0.0,3.2150399684906006,0.0009585554591835558,-0.0009742852843983756,0.0005511093186214566,0.0,5.914483456065359,-0.4351812384108091,-0.00022976440449526324,5.930471930219996
114819,887.0126574896276,0.0,0.0,0.0,0.0,0.0,1,0,0,-0.513519287109375,-0.443484365940094,9.81002140045166,0.0,0.0,0.0,3.2150399684906006,0.0009585554591835558,-0.0009742852843983756,0.0005511093186214566,0.0,-18.15726587427089,-12.456587787390259,0.0007378968817931791,22.01937519273456
114825,887.061765987426,0.0,0.0,0.0,0.0,0.0,1,0,0,-0.14741845428943634,0.17130842804908752,9.810007095336914,0.0,0.0,0.0,3.2150399684906006,0.0009585554591835558,-0.0009742852843983756,0.0005511093186214566,0.0,7.454938538794954,12.519071475419386,-0.0002912961175234186,14.570630024426636
114832,887.117661587894,0.0,0.0,0.0,0.0,0.0,1,0,0,-0.18264108896255493,-0.3073974847793579,9.810007095336914,0.0,0.0,0.0,3.2150399684906006,0.0009585554591835558,-0.0009742852843983756,0.0005511093186214566,0.0,-0.630150394275371,-8.564286076561341,0.0,8.587437657449856
114838,887.1650938875973,0.0,0.0,0.0,0.0,0.0,1,0,0,0.1717188060283661,0.14782670140266418,9.8099946975708,0.0,0.0,0.0,3.2150399684906006,0.0009585554591835558,-0.0009742852843983756,0.0005511093186214566,0.0,7.470856298494461,9.597345880949955,-0.000261378136645631,12.16234935609317
114844,887.211528789252,0.0,0.0,0.0,0.0,0.0,1,0,0,0.0004093051247764379,-1.0757794370874763e-06,9.810001373291016,0.0,0.0,0.0,3.2150399684906006,0.0009585554591835558,-0.0009742852843983756,0.0005511093186214566,0.0,-3.6892400930965534,-3.183548837495469,0.00014376514167043864,4.872932965463226
114851,887.2660114876926,0.0,0.0,0.0,0.0,0.0,1,0,0,-0.17090021073818207,-0.1478288322687149,9.810006141662598,0.0,0.0,0.0,3.2150399684906006,0.0009585554591835558,-0.0009742852843983756,0.0005511093186214566,0.0,-3.1442920553922478,-2.7132972617092115,8.752084090023938e-05,4.153137918208521
114857,887.3134573884308,0.0,0.0,0.0,0.0,0.0,1,0,0,-0.3539505898952484,-0.45522525906562805,9.810012817382812,0.0,0.0,0.0,3.2150399684906006,0.0009585554591835558,-0.0009742852843983756,0.0005511093186214566,0.0,-3.8580862900456196,-6.478882727779373,0.00014070172788317235,7.540606821838203
114863,887.361956089735,0.0,0.0,0.0,0.0,0.0,1,0,0,-0.4900375008583069,-0.12434709072113037,9.810019493103027,0.0,0.0,0.0,3.2150399684906006,0.0009585554591835558,-0.0009742852843983756,0.0005511093186214566,0.0,-2.805990826630256,6.822412960486055,0.00013764740158652458,7.376916913012376
114870,887.4165193885565,0.0,0.0,0.0,0.0,0.0,1,0,0,0.012150183320045471,0.15956754982471466,9.8100004196167,0.0,0.0,0.0,3.2150399684906006,0.0009585554591835558,-0.0009742852843983756,0.0005511093186214566,0.0,9.20376324425858,5.203399476906918,-0.0003495662238190602,10.572824792591474
114876,887.4637890905142,0.0,0.0,0.0,0.0,0.0,1,0,0,0.1717188060283661,0.14782670140266418,9.809993743896484,0.0,0.0,0.0,3.2150399684906006,0.0009585554591835558,-0.0009742852843983756,0.0005511093186214566,0.0,3.3757061309822536,-0.24837999682241058,-0.00014122619645068305,3.384831535766221
114882,887.5117856897414,0.0,0.0,0.0,0.0,0.0,1,0,0,0.0004093051247764379,-1.0757794370874763e-06,9.810001373291016,0.0,0.0,0.0,3.2150399684906006,0.0009585554591835558,-0.0009742852843983756,0.0005511093186214566,0.0,-3.5692008113471303,-3.0799635716348215,0.0001589569814131322,4.714379074659341
114889,887.5666167885065,0.0,0.0,0.0,0.0,0.0,1,0,0,-0.17090021073818207,-0.1478288322687149,9.810006141662598,0.0,0.0,0.0,3.2150399684906006,0.0009585554591835558,-0.0009742852843983756,0.0005511093186214566,0.0,-3.1243130216439923,-2.6960567965724653,8.696472785373566e-05,4.126748613027169
114895,887.6140814870596,0.0,0.0,0.0,0.0,0.0,1,0,0,0.012150183320045471,0.15956754982471466,9.8100004196167,0.0,0.0,0.0,3.2150399684906006,0.0009585554591835558,-0.0009742852843983756,0.0005511093186214566,0.0,3.856558655976733,6.476315903484191,-0.00012055371829735453,7.537619807554937
114901,887.6612924896181,0.0,0.0,0.0,0.0,0.0,1,0,0,0.0004093050374649465,-1.0757794370874763e-06,9.809999465942383,0.0,0.0,0.0,3.2150399684906006,0.0009585554591835558,-0.0009742852843983756,0.0005511093186214566,0.0,-0.24868945047374727,-3.3799033478801803,-2.0200255549014146e-05,3.389040142016119
114908,887.7163228876889,0.0,0.0,0.0,0.0,0.0,1,0,0,0.0004093050374649465,-1.0757794370874763e-06,9.809999465942383,0.0,0.0,0.0,3.2150399684906006,0.0009585554591835558,-0.0009742852843983756,0.0005511093186214566,0.0,0.0,0.0,0.0,0.0
114914,887.763661287725,0.0,0.0,0.0,0.0,0.0,1,0,0,0.14823703467845917,-0.17131057381629944,9.809992790222168,0.0,0.0,0.0,3.2150399684906006,0.0009585554591835558,-0.0009742852843983756,0.0005511093186214566,0.0,3.122786776238156,-3.61882737706038,-0.00014102124722748058,4.7799277039194425
114921,887.8173267878592,0.0,0.0,0.0,0.0,0.0,1,0,0,0.5143377780914307,0.4434822201728821,9.809981346130371,0.0,0.0,0.0,3.2150399684906006,0.0009585554591835558,-0.0009742852843983756,0.0005511093186214566,0.0,6.821901267989118,11.45601536278325,-0.00021324858183098482,13.333365102178531
114927,887.8650365881622,0.0,0.0,0.0,0.0,0.0,1,0,0,-0.14741845428943634,0.17130842804908752,9.810006141662598,0.0,0.0,0.0,3.2150399684906006,0.0009585554591835558,-0.0009742852843983756,0.0005511093186214566,0.0,-13.870446494815882,-5.704777433469597,0.0005197156992713829,14.997792230894472
114933,887.9130947887897,0.0,0.0,0.0,0.0,0.0,1,0,0,-0.661346971988678,-0.2721748352050781,9.810025215148926,0.0,0.0,0.0,3.2150399684906006,0.0009585554591835558,-0.0009742852843983756,0.0005511093186214566,0.0,-10.69387765226609,-9.22804552527901,0.0003968830725881311,14.125007738609359
114939,887.9625069871545,0.0,0.0,0.0,0.0,0.0,1,0,0,0.24563269317150116,0.06217190623283386,9.809990882873535,0.0,0.0,0.0,3.2150399684906006,0.0009585554591835558,-0.0009742852843983756,0.0005511093186214566,0.0,18.35537974783749,6.76648181021904,-0.0006948137611122328,19.562853632793807
114945,888.013466887176,0.0,0.0,0.0,0.0,0.0,1,0,0,0.3312874436378479,0.13608577847480774,9.80998706817627,0.0,0.0,0.0,3.2150399684906006,0.0009585554591835558,-0.0009742852843983756,0.0005511093186214566,0.0,1.680826501427982,1.4504320497236585,-7.485684359685963e-05,2.220119560828144
114951,888.0651160888374,0.0,0.0,0.0,0.0,0.0,1,0,0,-0.17090021073818207,-0.1478288322687149,9.810006141662598,0.0,0.0,0.0,3.2150399684906006,0.0009585554591835558,-0.0009742852843983756,0.0005511093186214566,0.0,-9.72304775722878,-5.496979655272969,0.0003692890831727731,11.169352853062302
114957,888.1163908876479,0.0,0.0,0.0,0.0,0.0,1,0,0,-0.1591593325138092,0.011739805340766907,9.810005187988281,0.0,0.0,0.0,3.2150399684906006,0.0009585554591835558,-0.0009742852843983756,0.0005511093186214566,0.0,0.22897950838907427,3.1120285464067283,-1.8599279539470215e-05,3.120441201057698
114963,888.1645497903228,0.0,0.0,0.0,0.0,0.0,1,0,0,0.012150183320045471,0.15956754982471466,9.809998512268066,0.0,0.0,0.0,3.2150399684906006,0.0009585554591835558,-0.0009742852843983756,0.0005511093186214566,0.0,3.5571723257534273,3.0695829072731993,-0.0001386186113896075,4.698490629866676
114969,888.212350089103,0.0,0.0,0.0,0.0,0.0,1,0,0,-0.5017783641815186,-0.2839156985282898,9.810020446777344,0.0,0.0,0.0,3.2150399684906006,0.0009585554591835558,-0.0009742852843983756,0.0005511093186214566,0.0,-10.751576049027008,-9.277834232632014,0.00045887807894682495,14.201218109612244
114976,888.267604790628,0.0,0.0,0.0,0.0,0.0,1,0,0,-0.17090021073818207,-0.1478288322687149,9.81000804901123,0.0,0.0,0.0,3.2150399684906006,0.0009585554591835558,-0.0009742852843983756,0.0005511093186214566,0.0,5.988235286979024,2.4629011197910295,-0.00022437486351596625,6.474939677590266
114982,888.3150772899389,0.0,0.0,0.0,0.0,0.0,1,0,0,-0.1591593325138092,0.011739805340766907,9.810005187988281,0.0,0.0,0.0,3.2150399684906006,0.0009585554591835558,-0.0009742852843983756,0.0005511093186214566,0.0,0.24731957227412488,3.361285795471221,-6.026695435766962e-05,3.370372260344332
114988,888.3632626906037,0.0,0.0,0.0,0.0,0.0,1,0,0,0.012150183320045471,0.15956754982471466,9.8100004196167,0.0,0.0,0.0,3.2150399684906006,0.0009585554591835558,-0.0009742852843983756,0.0005511093186214566,0.0,3.555216174823169,3.067894890244591,-9.89588447173372e-05,4.695906847149548
114995,888.4177377894521,0.0,0.0,0.0,0.0,0.0,1,0,0,0.34302833676338196,0.29565444588661194,9.80998706817627,0.0,0.0,0.0,3.2150399684906006,0.0009585554591835558,-0.0009742852843983756,0.0005511093186214566,0.0,6.073933970537469,2.498148675980548,-0.00024509254158230215,6.567603881616399
115001,888.4667526893318,0.0,0.0,0.0,0.0,0.0,1,0,0,-0.011331573128700256,-0.15956971049308777,9.8100004196167,0.0,0.0,0.0,3.2150399684906006,0.0009585554591835558,-0.0009742852843983756,0.0005511093186214566,0.0,-7.229636513832548,-9.287464781057139,0.00027239554630241664,11.76964936842712
115007,888.5140131898224,0.0,0.0,0.0,0.0,0.0,1,0,0,-0.3304688334465027,-0.13608795404434204,9.810013771057129,0.0,0.0,0.0,3.2150399684906006,0.0009585554591835558,-0.0009742852843983756,0.0005511093186214566,0.0,-6.752727055457997,0.49685797240728924,0.00028250738547139556,6.770981510096562
115014,888.5680638886988,0.0,0.0,0.0,0.0,0.0,1,0,0,0.012150183320045471,0.15956754982471466,9.8100004196167,0.0,0.0,0.0,3.2150399684906006,0.0009585554591835558,-0.0009742852843983756,0.0005511093186214566,0.0,6.338845267295255,5.469966346693295,-0.0002470169804875884,8.372663328815154
115020,888.6152714900672,0.0,0.0,0.0,0.0,0.0,1,0,0,0.18345968425273895,0.3073953092098236,9.809993743896484,0.0,0.0,0.0,3.2150399684906006,0.0009585554591835558,-0.0009742852843983756,0.0005511093186214566,0.0,3.6288541668475087,3.1314397491073764,-0.0001414119764896276,4.7931719650491935
115026,888.6629035882652,0.0,0.0,0.0,0.0,0.0,1,0,0,0.31954658031463623,-0.023482829332351685,9.809988021850586,0.0,0.0,0.0,3.2150399684906006,0.0009585554591835558,-0.0009742852843983756,0.0005511093186214566,0.0,2.8570418102596062,-6.94653712643937,-0.00012013004076913258,7.511129473588061
115033,888.7182719893754,0.0,0.0,0.0,0.0,0.0,1,0,0,-0.17090021073818207,-0.1478288322687149,9.810006141662598,0.0,0.0,0.0,3.2150399684906006,0.0009585554591835558,-0.0009742852843983756,0.0005511093186214566,0.0,-8.857882496496968,-2.2457936375829064,0.00032725908006019306,9.13814376618434
115039,888.7649553902447,0.0,0.0,0.0,0.0,0.0,1,0,0,0.15997792780399323,-0.011741936206817627,9.8099946975708,0.0,0.0,0.0,3.2150399684906006,0.0009585554591835558,-0.0009742852843983756,0.0005511093186214566,0.0,7.087704245627811,2.9151024459999935,-0.00024514263279357265,7.663770208210875
115045,888.8134146891534,0.0,0.0,0.0,0.0,0.0,1,0,0,0.1717188060283661,0.14782670140266418,9.8099946975708,0.0,0.0,0.0,3.2150399684906006,0.0009585554591835558,-0.0009742852843983756,0.0005511093186214566,0.0,0.2422832869804986,3.2928383448155834,0.0,3.3017397771838266
115051,888.8635055869818,0.0,0.0,0.0,0.0,0.0,1,0,0,0.15997792780399323,-0.011741936206817627,9.809993743896484,0.0,0.0,0.0,3.2150399684906006,0.0009585554591835558,-0.0009742852843983756,0.0005511093186214566,0.0,-0.2343914510098896,-3.1855815033764627,-1.903887448123715e-05,3.1941929915587823
115057,888.9115482904017,0.0,0.0,0.0,0.0,0.0,1,0,0,0.1717188060283661,0.14782670140266418,9.809993743896484,0.0,0.0,0.0,3.2150399684906006,0.0009585554591835558,-0.0009742852843983756,0.0005511093186214566,0.0,0.2443842121403977,3.321391725497844,0.0,3.3303703453743743
115064,888.9647989906371,0.0,0.0,0.0,0.0,0.0,1,0,0,0.0004093050956726074,-1.0757794370874763e-06,9.8100004196167,0.0,0.0,0.0,3.2150399684906006,0.0009585554591835558,-0.0009742852843983756,0.0005511093186214566,0.0,-3.2170375258073527,-2.77607198644724,0.00012536398930600398,4.249224180024625
115070,889.0151245892048,0.0,0.0,0.0,0.0,0.0,1,0,0,-0.02307245135307312,-0.3191383481025696,9.809998512268066,0.0,0.0,0.0,3.2150399684906006,0.0009585554591835558,-0.0009742852843983756,0.0005511093186214566,0.0,-0.46659666485925305,-6.341450105032783,-3.7900167848887885e-05,6.358592759700413
115076,889.0617222897708,0.0,0.0,0.0,0.0,0.0,1,0,0,-0.17090021073818207,-0.1478288322687149,9.810005187988281,0.0,0.0,0.0,3.2150399684906006,0.0009585554591835558,-0.0009742852843983756,0.0005511093186214566,0.0,-3.172426055134619,3.676351273836339,0.00014326286777564812,4.855908337732429
115083,889.1201132871211,0.0,0.0,0.0,0.0,0.0,1,0,0,-0.1591593325138092,0.011739805340766907,9.810006141662598,0.0,0.0,0.0,3.2150399684906006,0.0009585554591835558,-0.0009742852843983756,0.0005511093186214566,0.0,0.20107343181610254,2.7327609537550015,1.633255740925829e-05,2.74014834554938
115089,889.1677904874086,0.0,0.0,0.0,0.0,0.0,1,0,0,0.08606405556201935,0.07391279935836792,9.809996604919434,0.0,0.0,0.0,3.2150399684906006,0.0009585554591835558,-0.0009742852843983756,0.0005511093186214566,0.0,5.143409986255153,1.3040403723915088,-0.0002000273318596424,5.306146211663146
115095,889.215220388025,0.0,0.0,0.0,0.0,0.0,1,0,0,0.023891061544418335,0.3191361725330353,9.8100004196167,0.0,0.0,0.0,3.2150399684906006,0.0009585554591835558,-0.0009742852843983756,0.0005511093186214566,0.0,-1.3108396435495282,5.170227430116887,8.042811003288048e-05,5.333812169237196
115102,889.2693773880601,0.0,0.0,0.0,0.0,0.0,1,0,0,0.31954658031463623,-0.023482829332351685,9.809988021850586,0.0,0.0,0.0,3.2150399684906006,0.0009585554591835558,-0.0009742852843983756,0.0005511093186214566,0.0,5.459229990193056,-6.326402896092143,-0.00022892268968476975,8.356229158054003
115108,889.3170779906213,0.0,0.0,0.0,0.0,0.0,1,0,0,-0.1591593325138092,0.011739805340766907,9.810006141662598,0.0,0.0,0.0,3.2150399684906006,0.0009585554591835558,-0.0009742852843983756,0.0005511093186214566,0.0,-10.035636598382776,0.7384106862780548,0.00037986547420354965,10.062765644727458
115114,889.3647038899362,0.0,0.0,0.0,0.0,0.0,1,0,0,-0.1591593325138092,0.011739805340766907,9.810007095336914,0.0,0.0,0.0,3.2150399684906006,0.0009585554591835558,-0.0009742852843983756,0.0005511093186214566,0.0,0.0,0.0,2.0024279438819567e-05,2.0024279438819567e-05
115120,889.4123267903924,0.0,0.0,0.0,0.0,0.0,1,0,0,0.3312874436378479,0.13608577847480774,9.80998706817627,0.0,0.0,0.0,3.2150399684906006,0.0009585554591835558,-0.0009742852843983756,0.0005511093186214566,0.0,10.298549047906803,2.611054176518098,-0.0004205363481158587,10.624392527655665
115127,889.4671240895987,0.0,0.0,0.0,0.0,0.0,1,0,0,-0.03481334447860718,-0.4787069857120514,9.809999465942383,0.0,0.0,0.0,3.2150399684906006,0.0009585554591835558,-0.0009742852843983756,0.0005511093186214566,0.0,-6.681000586150293,-11.219399004917761,0.00022624775842721912,13.05797392074583
115133,889.5146753899753,0.0,0.0,0.0,0.0,0.0,1,0,0,0.1717188060283661,0.14782670140266418,9.8099946975708,0.0,0.0,0.0,3.2150399684906006,0.0009585554591835558,-0.0009742852843983756,0.0005511093186214566,0.0,4.343354416620216,13.175952753172776,-0.00010027846860676777,13.87337228478611
115139,889.5624107904732,0.0,0.0,0.0,0.0,0.0,1,0,0,-0.17090021073818207,-0.1478288322687149,9.810006141662598,0.0,0.0,0.0,3.2150399684906006,0.0009585554591835558,-0.0009742852843983756,0.0005511093186214566,0.0,-7.1774618667235215,-6.1936326203925525,0.00023974014415936975,9.480350412412843
115146,889.6178078874946,0.0,0.0,0.0,0.0,0.0,1,0,0,0.0004093050956726074,-1.0757794370874763e-06,9.8100004196167,0.0,0.0,0.0,3.2150399684906006,0.0009585554591835558,-0.0009742852843983756,0.0005511093186214566,0.0,3.092391570046693,2.6685108866323493,-0.0001032914395538294,4.08458516684869
115152,889.6662764884531,0.0,0.0,0.0,0.0,0.0,1,0,0,-0.14741845428943634,0.17130842804908752,9.810007095336914,0.0,0.0,0.0,3.2150399684906006,0.0009585554591835558,-0.0009742852843983756,0.0005511093186214566,0.0,-3.049969598078995,3.534442926770281,0.00013773288444095705,4.668468846503419
115158,889.7141305878758,0.0,0.0,0.0,0.0,0.0,1,0,0,0.012150183320045471,0.15956754982471466,9.8100004196167,0.0,0.0,0.0,3.2150399684906006,0.0009585554591835558,-0.0009742852843983756,0.0005511093186214566,0.0,3.334482093164448,-0.24534738645201906,-0.00013950153268745889,3.343496102754402
115164,889.7621915899217,0.0,0.0,0.0,0.0,0.0,1,0,0,0.0004093050374649465,-1.0757794370874763e-06,9.809999465942383,0.0,0.0,0.0,3.2150399684906006,0.0009585554591835558,-0.0009742852843983756,0.0005511093186214566,0.0,-0.24429116711663504,-3.3201268973097586,-1.9842996937434953e-05,3.3291020995104184
115171,889.8160940892994,0.0,0.0,0.0,0.0,0.0,1,0,0,0.15997792780399323,-0.011741936206817627,9.8099946975708,0.0,0.0,0.0,3.2150399684906006,0.0009585554591835558,-0.0009742852843983756,0.0005511093186214566,0.0,2.9603195512017755,-0.21781662377295732,-8.84629031506754e-05,2.9683220739409353
115177,889.8635190874338,0.0,0.0,0.0,0.0,0.0,1,0,0,0.15997792780399323,-0.011741936206817627,9.809993743896484,0.0,0.0,0.0,3.2150399684906006,0.0009585554591835558,-0.0009742852843983756,0.0005511093186214566,0.0,0.0,0.0,-2.010910603947936e-05,2.010910603947936e-05
115184,889.9195451885462,0.0,0.0,0.0,0.0,0.0,1,0,0,-0.17090021073818207,-0.1478288322687149,9.810007095336914,0.0,0.0,0.0,3.2150399684906006,0.0009585554591835558,-0.0009742852843983756,0.0005511093186214566,0.0,-5.905785553032995,-2.428991012402629,0.00023830750604811684,6.385788940572375
115190,889.9665370881557,0.0,0.0,0.0,0.0,0.0,1,0,0,0.3312874436378479,0.13608577847480774,9.809988021850586,0.0,0.0,0.0,3.2150399684906006,0.0009585554591835558,-0.0009742852843983756,0.0005511093186214566,0.0,10.68668554683846,6.041777691526405,-0.0004058888124676359,12.276331936518249
115196,890.0142652876675,0.0,0.0,0.0,0.0,0.0,1,0,0,-0.17090021073818207,-0.1478288322687149,9.810007095336914,0.0,0.0,0.0,3.2150399684906006,0.0009585554591835558,-0.0009742852843983756,0.0005511093186214566,0.0,-10.521822727719398,-5.948571570849413,0.0003996271915395177,12.086945743519006
115202,890.0617104880512,0.0,0.0,0.0,0.0,0.0,1,0,0,0.35476917028427124,0.45522305369377136,9.80998706817627,0.0,0.0,0.0,3.2150399684906006,0.0009585554591835558,-0.0009742852843983756,0.0005511093186214566,0.0,11.079505972609555,12.710492970541555,-0.0004221114144862419,16.86155640293787
115209,890.118510287255,0.0,0.0,0.0,0.0,0.0,1,0,0,0.34302833676338196,0.29565444588661194,9.809988021850586,0.0,0.0,0.0,3.2150399684906006,0.0009585554591835558,-0.0009742852843983756,0.0005511093186214566,0.0,-0.2067055462422969,-2.8093164068136325,1.67901001372066e-05,2.8169106937781137
115215,890.1640815883875,0.0,0.0,0.0,0.0,0.0,1,0,0,0.18345968425273895,0.3073953092098236,9.809993743896484,0.0,0.0,0.0,3.2150399684906006,0.0009585554591835558,-0.0009742852843983756,0.0005511093186214566,0.0,-3.501516273298851,0.25763721972936543,0.00012556248683371873,3.5109817950158173
115221,890.2119341902435,0.0,0.0,0.0,0.0,0.0,1,0,0,-0.34220969676971436,-0.29565659165382385,9.810012817382812,0.0,0.0,0.0,3.2150399684906006,0.0009585554591835558,-0.0009742852843983756,0.0005511093186214566,0.0,-10.985178666029341,-12.60228028307553,0.0003985882812709828,16.718002835765194
115228,890.2679583877325,0.0,0.0,0.0,0.0,0.0,1,0,0,0.1717188060283661,0.14782670140266418,9.8099946975708,0.0,0.0,0.0,3.2150399684906006,0.0009585554591835558,-0.0009742852843983756,0.0005511093186214566,0.0,9.173330914713668,7.915924063765116,-0.0003234283189021843,12.116594156723375
115233,890.3111049905419,0.0,0.0,0.0,0.0,0.0,1,0,0,-0.011331573128700256,-0.15956971049308777,9.8100004196167,0.0,0.0,0.0,3.2150399684906006,0.0009585554591835558,-0.0009742852843983756,0.0005511093186214566,0.0,-4.242521247050831,-7.124463848369869,0.00013261868897791916,8.29198237311167
115240,890.3660761900246,0.0,0.0,0.0,0.0,0.0,1,0,0,-0.3304688334465027,-0.13608795404434204,9.810013771057129,0.0,0.0,0.0,3.2150399684906006,0.0009585554591835558,-0.0009742852843983756,0.0005511093186214566,0.0,-5.8055356863435,0.42716470933373923,0.00024288064578060275,5.821229625542964
115246,890.4142235890031,0.0,0.0,0.0,0.0,0.0,1,0,0,0.1717188060283661,0.14782670140266418,9.8099946975708,0.0,0.0,0.0,3.2150399684906006,0.0009585554591835558,-0.0009742852843983756,0.0005511093186214566,0.0,10.430213264467577,5.896780749754593,-0.0003961478030548102,11.981709899254147
115252,890.4634687900543,0.0,0.0,0.0,0.0,0.0,1,0,0,0.09780493378639221,0.23348142206668854,9.80999755859375,0.0,0.0,0.0,3.2150399684906006,0.0009585554591835558,-0.0009742852843983756,0.0005511093186214566,0.0,-1.5009355361362653,1.7393516289010238,5.809749758645747e-05,2.297422811755081
115258,890.511024389416,0.0,0.0,0.0,0.0,0.0,1,0,0,-0.011331573128700256,-0.15956971049308777,9.8100004196167,0.0,0.0,0.0,3.2150399684906006,0.0009585554591835558,-0.0009742852843983756,0.0005511093186214566,0.0,-2.29492443329574,-8.265086295530436,6.016164211202145e-05,8.577781160109076
115265,890.5646101869643,0.0,0.0,0.0,0.0,0.0,1,0,0,0.34302833676338196,0.29565444588661194,9.80998706817627,0.0,0.0,0.0,3.2150399684906006,0.0009585554591835558,-0.0009742852843983756,0.0005511093186214566,0.0,6.612944588026636,8.495238985095446,-0.00024916005808543854,10.765691877453905
115271,890.6140827871859,0.0,0.0,0.0,0.0,0.0,1,0,0,0.012150183320045471,0.15956754982471466,9.8100004196167,0.0,0.0,0.0,3.2150399684906006,0.0009585554591835558,-0.0009742852843983756,0.0005511093186214566,0.0,-6.688109215222663,-2.7507528501076792,0.00026987545368292645,7.231697324276962
115277,890.6640226878226,0.0,0.0,0.0,0.0,0.0,1,0,0,0.15997792780399323,-0.011741936206817627,9.8099946975708,0.0,0.0,0.0,3.2150399684906006,0.0009585554591835558,-0.0009742852843983756,0.0005511093186214566,0.0,2.9601129077015345,-3.430312913072408,-0.0001145786400350897,4.530928726106913
115284,890.719541490078,0.0,0.0,0.0,0.0,0.0,1,0,0,0.006279736757278442,0.07978323847055435,9.8100004196167,0.0,0.0,0.0,3.2150399684906006,0.0009585554591835558,-0.0009742852843983756,0.0005511093186214566,0.0,-2.768398899163704,1.6485437538141938,0.00010306500979822139,3.2220690532254266
115290,890.7674555890262,0.0,0.0,0.0,0.0,0.0,1,0,0,-0.18264108896255493,-0.3073974847793579,9.810007095336914,0.0,0.0,0.0,3.2150399684906006,0.0009585554591835558,-0.0009742852843983756,0.0005511093186214566,0.0,-3.942906782488326,-8.080726378015965,0.00013932684452764663,8.99136545309818
115296,890.8144287876785,0.0,0.0,0.0,0.0,0.0,1,0,0,0.0004093050956726074,-1.0757794370874763e-06,9.8100004196167,0.0,0.0,0.0,3.2150399684906006,0.0009585554591835558,-0.0009742852843983756,0.0005511093186214566,0.0,3.8969114156630136,6.544080833743316,-0.000142117641684627,7.6164895168501845
115302,890.8619587905705,0.0,0.0,0.0,0.0,0.0,1,0,0,-0.17090021073818207,-0.1478288322687149,9.810006141662598,0.0,0.0,0.0,3.2150399684906006,0.0009585554591835558,-0.0009742852843983756,0.0005511093186214566,0.0,-3.6042395415596746,-3.110198769083294,0.0001203880822695787,4.760659520554145
115309,890.9168573878706,0.0,0.0,0.0,0.0,0.0,1,0,0,-0.3304688334465027,-0.13608795404434204,9.810013771057129,0.0,0.0,0.0,3.2150399684906006,0.0009585554591835558,-0.0009742852843983756,0.0005511093186214566,0.0,-2.906606553828427,0.21386481261446738,0.00013897248575498093,2.9144639020146292
115315,890.9638971872628,0.0,0.0,0.0,0.0,0.0,1,0,0,0.1717188060283661,0.14782670140266418,9.809995651245117,0.0,0.0,0.0,3.2150399684906006,0.0009585554591835558,-0.0009742852843983756,0.0005511093186214566,0.0,10.675803170153202,6.035626408176033,-0.00038520172802255457,12.263831359542802
115321,891.0126143880188,0.0,0.0,0.0,0.0,0.0,1,0,0,-0.34220969676971436,-0.29565659165382385,9.810012817382812,0.0,0.0,0.0,3.2150399684906006,0.0009585554591835558,-0.0009742852843983756,0.0005511093186214566,0.0,-10.549220702792844,-9.103217881442095,0.0003523629730136455,13.933938185502328
115328,891.0678471885622,0.0,0.0,0.0,0.0,0.0,1,0,0,0.14823703467845917,-0.17131057381629944,9.809993743896484,0.0,0.0,0.0,3.2150399684906006,0.0009585554591835558,-0.0009742852843983756,0.0005511093186214566,0.0,8.879628167027532,2.2513074950820973,-0.00034532897373489875,9.160577598674314
115334,891.1172523871064,0.0,0.0,0.0,0.0,0.0,1,0,0,0.012150183320045471,0.15956754982471466,9.809998512268066,0.0,0.0,0.0,3.2150399684906006,0.0009585554591835558,-0.0009742852843983756,0.0005511093186214566,0.0,-2.754504695219244,6.697232950993383,9.651558383596211e-05,7.241562353882735
115340,891.1624531894922,0.0,0.0,0.0,0.0,0.0,1,0,0,-0.17090021073818207,-0.1478288322687149,9.810006141662598,0.0,0.0,0.0,3.2150399684906006,0.0009585554591835558,-0.0009742852843983756,0.0005511093186214566,0.0,-4.049715589024698,-6.800684188516782,0.00016878891808446336,7.915143827652251
115347,891.2183327898383,0.0,0.0,0.0,0.0,0.0,1,0,0,0.0004093050956726074,-1.0757794370874763e-06,9.8100004196167,0.0,0.0,0.0,3.2150399684906006,0.0009585554591835558,-0.0009742852843983756,0.0005511093186214566,0.0,3.065689710965272,2.6454691081130077,-0.00010239954944198245,4.049316018339916
115353,891.264570787549,0.0,0.0,0.0,0.0,0.0,1,0,0,0.15997792780399323,-0.011741936206817627,9.809992790222168,0.0,0.0,0.0,3.2150399684906006,0.0009585554591835558,-0.0009742852843983756,0.0005511093186214566,0.0,3.4510279555504635,-0.25392233679405957,-0.00016500270143582967,3.460356994637932
115359,891.3145674876869,0.0,0.0,0.0,0.0,0.0,1,0,0,0.012150183320045471,0.15956754982471466,9.809999465942383,0.0,0.0,0.0,3.2150399684906006,0.0009585554591835558,-0.0009742852843983756,0.0005511093186214566,0.0,-2.956750027028765,3.4264158546301746,0.00013352321646102825,4.525781297082757
115365,891.3622038885951,0.0,0.0,0.0,0.0,0.0,1,0,0,0.3312874436378479,0.13608577847480774,9.80998706817627,0.0,0.0,0.0,3.2150399684906006,0.0009585554591835558,-0.0009742852843983756,0.0005511093186214566,0.0,6.699441062573105,-0.4929375624985386,-0.00026025824531044435,6.71755149285415
115372,891.4166655875742,0.0,0.0,0.0,0.0,0.0,1,0,0,0.023891061544418335,0.3191361725330353,9.8100004196167,0.0,0.0,0.0,3.2150399684906006,0.0009585554591835558,-0.0009742852843983756,0.0005511093186214566,0.0,-5.64426721632707,3.361084899836526,0.0002451528446588042,6.569219449319193
115378,891.4665709882975,0.0,0.0,0.0,0.0,0.0,1,0,0,0.012150183320045471,0.15956754982471466,9.809999465942383,0.0,0.0,0.0,3.2150399684906006,0.0009585554591835558,-0.0009742852843983756,0.0005511093186214566,0.0,-0.23526267807144005,-3.1974219302096483,-1.910964149342147e-05,3.206065427879493
115384,891.5161359906197,0.0,0.0,0.0,0.0,0.0,1,0,0,0.1717188060283661,0.14782670140266418,9.8099946975708,0.0,0.0,0.0,3.2150399684906006,0.0009585554591835558,-0.0009742852843983756,0.0005511093186214566,0.0,3.21938091863783,-0.23687779424944178,-9.620440550036663e-05,3.2280837346563866
